"","Population","Country","Rank","City","Area","Density","Sources of
Pop. / Area","lat","lon","full.name","largest.UC","coastalMC"
"458",37239000,"Â Japan","1","tokyo","8547","4400","D / B",35.6894875,139.6917064,"Japan, Tokyo",1,"1"
"457",26746000,"Â Indonesia","2","jakarta ","2784","9600","C / B",-6.2087634,106.845599,"Indonesia, Jakarta ",1,"0"
"456",22868000,"Â South Korea","3","seoul","2163","10600","C / B",37.566535,126.9779692,"South Korea, Seoul",1,"1"
"455",22826000,"Â India","4","delhi","1943","11800","A / B",28.635308,77.22496,"India, Delhi",1,"0"
"454",21766000,"Â China","5","shanghai","3497","6200","C / B",31.230416,121.473701,"China, Shanghai",1,"1"
"453",21241000,"Â Philippines","6","manila ","1437","14800","C / B",14.5995124,120.9842195,"Philippines, Manila ",1,"0"
"452",20877000,"Â Pakistan","7","karachi","803","26000","C / B",24.8614622,67.0099388,"Pakistan, Karachi",1,"1"
"451",20673000,"Â United States","8","new york city","11642","1800","N / N",40.7127837,-74.0059413,"United States, New York City",1,"1"
"450",20568000,"Â Brazil","9","sao paulo","3173","6500","C / B",-23.5505199,-46.6333094,"Brazil, Sao Paulo",1,"0"
"449",20032000,"Â Mexico","10","mexico city ","2046","9800","C / B",19.4326077,-99.133208,"Mexico, Mexico City ",1,"0"
"448",18241000,"Â China","11","beijing","3497","5200","C / B",39.904211,116.407395,"China, Beijing",0,"0"
"447",17681000,"Â China","12","guangzhou","3173","5600","C / B",23.129163,113.264435,"China, Guangzhou",0,"0"
"446",17307000,"Â India","13","mumbai ","546","31700","A / B",19.0759837,72.8776559,"India, Mumbai ",0,"0"
"445",17175000,"Â Japan","14","osaka","3212","5300","C / B",34.6937378,135.5021651,"Japan, Osaka",0,"1"
"444",15788000,"Â Russia","15","moscow","4403","3600","C / B",55.755826,37.6173,"Russia, Moscow",1,"0"
"443",15071000,"Â Egypt","16","cairo","1658","9100","E / B",30.0444196,31.2357116,"Egypt, Cairo",1,"0"
"442",15067000,"Â United States","17","los angeles","6299","2400","N / N",34.0522342,-118.2436849,"United States, Los Angeles",0,"1"
"441",14630000,"Â India","18","kolkata","1204","12100","A / B",22.572646,88.363895,"India, Kolkata",0,"0"
"440",14544000,"Â Thailand","19","bangkok","2331","6200","C / B",13.7278956,100.5241235,"Thailand, Bangkok",1,"0"
"439",14399000,"Â Bangladesh","20","dhaka","324","44500","C / B",23.810332,90.4125181,"Bangladesh, Dhaka",1,"0"
"438",13776000,"Â Argentina","21","buenos aires","2642","5200","D / B",-34.6037232,-58.3815931,"Argentina, Buenos Aires",1,"1"
"437",13309000,"Â Iran","22","tehran","1360","9800","E / B",35.696111,51.423056,"Iran, Tehran",1,"0"
"436",12919000,"Â Turkey","23","istanbul","1347","9600","A / B",41.00527,28.97696,"Turkey, Istanbul",1,"1"
"435",12506000,"Â China","24","shenzhen","1748","7200","C / B",22.543099,114.057868,"China, Shenzhen",0,"0"
"434",12090000,"Â Nigeria","25","lagos","907","13300","D / B",6.5243793,3.3792057,"Nigeria, Lagos",1,"1"
"433",11616000,"Â Brazil","26","rio de janeiro","2020","5700","C / B",-22.9082998,-43.1970773,"Brazil, Rio de Janeiro",0,"1"
"432",10869000,"Â France","27","paris ","2845","3800","A / A",48.856614,2.3522219,"France, Paris ",1,"0"
"431",10183000,"Â Japan","28","nagoya ","3820","2700","C / B",35.1814464,136.906398,"Japan, Nagoya ",0,"0"
"430",9576000,"Â United Kingdom","29","london","1623","5900","A / A",51.5073509,-0.1277583,"United Kingdom, London",1,"0"
"429",9400000,"Â Peru","30","lima","648","14500","C / B",-12.046374,-77.0427934,"Peru, Lima",1,"1"
"428",9387000,"Â Democratic Republic of the Congo","31","kinshasa","583","16100","D / B",-4.331667,15.313889,"Democratic Republic of the Congo, Kinshasa",1,"0"
"427",9277000,"Â China","32","tianjin","1684","5500","C / B",39.084158,117.200983,"China, Tianjin",0,"0"
"426",9182000,"Â India","33","chennai","842","10900","A / B",13.0597049,80.2252278,"India, Chennai",0,"1"
"425",9104000,"Â United States","34","chicago","6856","1300","N / N",41.8781136,-87.6297982,"United States, Chicago",0,"1"
"424",9044000,"Â India","35","bengaluru","738","12300","A / B",12.9715987,77.5945627,"India, Bengaluru",0,"0"
"423",9009000,"Â Colombia","36","bogota","414","21700","D / B",4.598056,-74.075833,"Colombia, Bogota",1,"0"
"422",8764000,"Â Vietnam","37","ho chi minh city ","1269","6900","C / B",10.8230989,106.6296638,"Vietnam, Ho Chi Minh City ",1,"0"
"421",8591000,"Â China","38","dongguan","1554","5500","C / B",23.020536,113.751765,"China, Dongguan",0,"0"
"420",8386000,"Â China","39","chengdu","971","8600","C / B",30.572269,104.066541,"China, Chengdu",0,"0"
"419",8357000,"Â Taiwan","40","taipei","1140","7300","C / B",25.0329694,121.5654177,"Taiwan, Taipei",1,"0"
"418",8206000,"Â India","41","hyderabad","881","9300","A / B",17.385044,78.486671,"India, Hyderabad",0,"0"
"417",7994000,"Â Pakistan","42","lahore","583","13700","D / B",31.5546061,74.3571581,"Pakistan, Lahore",0,"0"
"416",7426000,"Â South Africa","43","johannesburg","2694","2800","D / B",-26.2041028,28.0473051,"South Africa, Johannesburg",1,"0"
"415",7411000,"Â China","44","wuhan","1088","6800","C / B",30.593099,114.305393,"China, Wuhan",0,"0"
"414",7312000,"Â Germany","45","essen","2642","2800","C / B",51.4556432,7.0115552,"Germany, Essen",1,"0"
"413",7162000,"Â Hong Kong","46","hong kong","275","26100","E / B",22.396428,114.109497,"Hong Kong, Hong Kong",1,"1"
"412",6732000,"Â India","47","ahmedabad","298","22600","A / B",23.022505,72.5713621,"India, Ahmedabad",0,"0"
"411",6632000,"Â China","48","chongqing","881","7500","E / B",29.56301,106.551557,"China, Chongqing",0,"0"
"410",6608000,"Â Malaysia","49","kuala lumpur ","1943","3400","C / B",3.139003,101.686855,"Malaysia, Kuala Lumpur ",1,"0"
"409",6559000,"Â China","50","hangzhou","1127","5800","C / B",30.274085,120.15507,"China, Hangzhou",0,"0"
"408",6366000,"Â Iraq","51","baghdad","596","10700","D / B",33.325,44.422,"Iraq, Baghdad",1,"0"
"407",6184000,"Â Canada","52","toronto","2287","2700","N / N",43.653226,-79.3831843,"Canada, Toronto",1,"1"
"406",6183000,"Â Spain","53","madrid","1321","4700","C / B",40.4167754,-3.7037902,"Spain, Madrid",1,"0"
"405",6171000,"Â Chile","54","santiago","984","6300","C / B",-33.4691199,-70.641997,"Chile, Santiago",1,"0"
"404",6022000,"Â United States","55","dallas","5175","1200","N / N",32.7801399,-96.8004511,"United States, Dallas",0,"0"
"403",6020000,"Â United States","56","san francisco","2797","2200","N / N",37.7749295,-122.4194155,"United States, San Francisco",0,"1"
"402",5913000,"Â China","57","quanzhou","1399","4200","C / B",24.874132,118.675676,"China, Quanzhou",0,"1"
"401",5770000,"Â China","59","nanjing","1140","5100","E / B",32.060255,118.796877,"China, Nanjing",0,"0"
"400",5631000,"Â China","60","shenyang","881","6400","C / B",41.805699,123.431472,"China, Shenyang",0,"0"
"399",5582000,"Â Brazil","61","belo horizonte","1088","5100","D / B",-19.9245192,-43.9352685,"Brazil, Belo Horizonte",0,"0"
"398",5508000,"Â United States","62","philadelphia","5131","1100","A / A",39.952335,-75.163789,"United States, Philadelphia",0,"0"
"397",5504000,"Â United States","58","miami","3209","1800","A / A",25.7890972,-80.2040435,"United States, Miami",0,"1"
"396",5485000,"Â United States","63","houston","4644","1200","N / N",29.7601927,-95.3693896,"United States, Houston",0,"0"
"395",5425000,"Â Angola","64","luanda","767","7100","D / B",-8.838333,13.234444,"Angola, Luanda",1,"1"
"394",5332000,"Â China","65","xi'an","803","6600","C / B",34.341568,108.940175,"China, Xi'an",0,"0"
"393",5287000,"Â Singapore","66","singapore","518","10200","A / B",1.2800945,103.8509491,"Singapore, Singapore",1,"1"
"392",5265000,"Â India","67","pune","376","14000","A / B",18.5204303,73.8567437,"India, Pune",0,"0"
"391",5248000,"Â Italy","68","milan","1891","2800","C / B",45.4654219,9.1859243,"Italy, Milan",1,"0"
"390",5133000,"Â Saudi Arabia","69","riyadh","1502","3400","E / B",24.633333,46.716667,"Saudi Arabia, Riyadh",1,"0"
"389",4919000,"Â Sudan","70","khartoum","932","5300","D / B",15.5006544,32.5598994,"Sudan, Khartoum",1,"0"
"388",4899000,"Â Russia","71","saint petersburg","1191","4100","D / B",59.9342802,30.3350986,"Russia, Saint Petersburg",0,"1"
"387",4825000,"Â United States","72","washington, d.c.","3424","1400","A / A",38.9071923,-77.0368707,"United States, Washington, D.C.",0,"0"
"386",4791000,"Â India","73","surat","161","29800","A / B",21.1702401,72.8310607,"India, Surat",0,"1"
"385",4764000,"Â Indonesia","74","bandung","427","11100","C / B",-6.9148644,107.6082421,"Indonesia, Bandung",0,"0"
"384",4707000,"Â United States","75","atlanta","6851","700","A / A",33.7489954,-84.3879824,"United States, Atlanta",0,"0"
"383",4703000,"Â Indonesia","76","surabaya","673","7000","C / B",-7.2642396,112.7455788,"Indonesia, Surabaya",0,"1"
"382",4656000,"Â Spain","77","barcelona","1075","4300","C / B",41.3850639,2.1734035,"Spain, Barcelona",0,"1"
"381",4620000,"Â Burma","78","yangon ","350","13200","D / B",16.780833,96.149722,"Burma, Yangon ",1,"0"
"379",4603000,"Â Egypt","79","alexandria","293","15700","E / B",31.2000924,29.9187387,"Egypt, Alexandria",0,"1"
"380",4603000,"Â Ivory Coast","79","abidjan","324","14200","D / B",5.316667,-4.033333,"Ivory Coast, Abidjan",1,"1"
"378",4567000,"Â Mexico","81","guadalajara","699","6500","D / B",20.6596988,-103.3496092,"Mexico, Guadalajara",0,"0"
"377",4543000,"Â China","82","harbin","518","8800","C / B",45.803775,126.534967,"China, Harbin",0,"0"
"376",4514000,"Â United States","83","boston","5325","800","N / N",42.3584308,-71.0597732,"United States, Boston",0,"0"
"375",4457000,"Â Kenya","84","nairobi","557","8000","C / B",-1.2920659,36.8219462,"Kenya, Nairobi",1,"0"
"374",4444000,"Â China","85","qingdao","1153","3900","C / B",36.067082,120.38264,"China, Qingdao",0,"1"
"373",4402000,"Â China","86","suzhou","907","4900","C / B",31.298974,120.585297,"China, Suzhou",0,"1"
"372",4221000,"Â Turkey","87","ankara","583","7200","D / B",39.92077,32.85411,"Turkey, Ankara",0,"0"
"371",4220000,"Â Mexico","88","monterrey","894","4700","D / B",25.6866142,-100.3161126,"Mexico, Monterrey",0,"0"
"370",4184000,"Â China","89","zhengzhou","648","5600","C / B",34.7466,113.625368,"China, Zhengzhou",0,"0"
"369",4075000,"Â Brazil","90","salvador","389","10500","D / B",-12.9722286,-38.5014201,"Brazil, Salvador",0,"1"
"368",4044000,"Â United States","91","phoenix","3276","1200","N / N",33.4483771,-112.0740373,"United States, Phoenix",0,"0"
"367",4002000,"Â Brazil","92","porto alegre","777","5200","D / B",-30.0346471,-51.2176584,"Brazil, Porto Alegre",0,"0"
"365",3956000,"Â Australia","93","sydney","2037","1900","A / A",-33.8674869,151.2069902,"Australia, Sydney",1,"1"
"366",3956000,"Â Germany","93","berlin","1347","2900","C / B",52.5200066,13.404954,"Germany, Berlin",0,"0"
"364",3933000,"Â Ghana","95","accra","945","4200","C / B",5.55,-0.2,"Ghana, Accra",1,"1"
"363",3851000,"Â Kuwait","96","kuwait city","712","5400","D / B",29.369722,47.978333,"Kuwait, Kuwait City",1,"1"
"362",3798000,"Â Italy","97","rome","1114","3400","C / B",41.8723889,12.4801802,"Italy, Rome",0,"0"
"360",3793000,"Â Brazil","98","recife","414","9200","D / B",-8.0475458,-34.8769621,"Brazil, Recife",0,"1"
"361",3793000,"Â China","98","dalian","777","4900","C / B",38.914003,121.614682,"China, Dalian",0,"1"
"359",3761000,"Â Australia","100","melbourne","2543","1500","A / A",-37.814107,144.96328,"Australia, Melbourne",0,"0"
"358",3734000,"Â United States","101","detroit","3463","1100","A / A",42.331427,-83.0457538,"United States, Detroit",0,"0"
"357",3732000,"Â Colombia","102","medellin","189","19700","E / B",6.230833,-75.590556,"Colombia, Medellin",0,"0"
"356",3726000,"Â Italy","103","naples","1023","3600","C / B",40.8517746,14.2681244,"Italy, Naples",0,"1"
"355",3723000,"Â Tanzania","104","dar es salaam","570","6500","C / B",-6.8,39.283333,"Tanzania, Dar es Salaam",1,"1"
"353",3636000,"Â Brazil","105","fortaleza","725","5000","D / B",-3.7318616,-38.5266704,"Brazil, Fortaleza",0,"1"
"354",3636000,"Â Nigeria","105","kano","251","14500","D / B",12,8.516667,"Nigeria, Kano",0,"0"
"352",3625000,"Â China","107","fuzhou","440","8200","E / B",26.074508,119.296494,"China, Fuzhou",0,"1"
"351",3560000,"Â South Africa","108","cape town","816","4400","D / B",-33.9248685,18.4240553,"South Africa, Cape Town",0,"1"
"350",3526000,"Â China","109","taiyuan","466","7600","C / B",37.87059,112.548879,"China, Taiyuan",0,"0"
"349",3523000,"Â China","110","hefei","596","5900","C / B",31.820587,117.227239,"China, Hefei",0,"0"
"348",3510000,"Â Greece","111","athens","583","6000","C / B",37.983917,23.7293599,"Greece, Athens",1,"1"
"347",3479000,"Â China","112","jinan","725","4800","C / B",36.651216,117.12,"China, Jinan",0,"0"
"346",3476000,"Â Afghanistan","113","kabul","259","13400","D / B",34.533333,69.166667,"Afghanistan, Kabul",1,"0"
"345",3457000,"Â South Africa","114","durban ","1036","3300","D / B",-29.8586804,31.0218404,"South Africa, Durban ",0,"0"
"344",3450000,"Â Canada","115","montreal","1546","2200","A / A",45.5086699,-73.5539925,"Canada, Montreal",0,"0"
"343",3445000,"Â China","116","wuxi","673","5100","C / B",31.49117,120.31191,"China, Wuxi",0,"1"
"342",3421000,"Â Israel","117","tel aviv","479","7100","D / B",32.0852999,34.7817676,"Israel, Tel Aviv",1,"1"
"340",3413000,"Â China","118","kunming","596","5700","C / B",24.880095,102.832892,"China, Kunming",0,"0"
"341",3413000,"Â Saudi Arabia","118","jeddah","842","4100","E / B",21.543333,39.172778,"Saudi Arabia, Jeddah",0,"1"
"339",3388000,"Â China","120","xiamen","583","5800","C / B",24.479834,118.089425,"China, Xiamen",0,"1"
"338",3384000,"Â South Korea","121","busan","259","13100","E / B",35.1795543,129.0756416,"South Korea, Busan",0,"1"
"337",3319000,"Â United Arab Emirates","122","dubai","1230","2700","C / B",25.0476643,55.1817407,"United Arab Emirates, Dubai",1,"1"
"336",3312000,"Â China","123","ningbo","738","4500","C / B",29.868336,121.54399,"China, Ningbo",0,"1"
"335",3279000,"Â Venezuela","124","caracas","272","12100","D / B",10.4696404,-66.8037185,"Venezuela, Caracas",1,"0"
"334",3270000,"Â Senegal","125","dakar","194","16800","D / B",14.7645042,-17.3660286,"Senegal, Dakar",1,"1"
"333",3264000,"Â Syria","126","aleppo","259","12600","D / B",36.2116828,37.1472998,"Syria, Aleppo",1,"0"
"332",3233000,"Â Brazil","127","curitiba","842","3800","D / B",-25.4200388,-49.2650973,"Brazil, Curitiba",0,"0"
"331",3228000,"Â China","128","changsha","466","6900","C / B",28.228209,112.938814,"China, Changsha",0,"0"
"330",3226000,"Â Ethiopia","129","addis ababa","389","8300","C / B",8.9806034,38.7577605,"Ethiopia, Addis Ababa",1,"0"
"329",3212000,"Â China","130","changchun","531","6000","C / B",43.817072,125.323544,"China, Changchun",0,"0"
"328",3208000,"Â India","131","jaipur","168","19100","A / B",26.9124336,75.7872709,"India, Jaipur",0,"0"
"327",3197000,"Â Pakistan","132","faisalabad","181","17600","D / B",31.4187142,73.0791073,"Pakistan, Faisalabad",0,"0"
"325",3180000,"Â Nigeria","133","ibadan","389","8200","D / B",7.396389,3.916667,"Nigeria, Ibadan",0,"0"
"326",3180000,"Â United States","133","seattle","2616","1200","A / A",47.6062095,-122.3320708,"United States, Seattle",0,"1"
"324",3135000,"Â Pakistan","135","rawalpindi","427","7300","C / B",33.598394,73.0441352,"Pakistan, Rawalpindi",0,"0"
"323",3120000,"Â Morocco","136","casablanca","220","14200","D / B",33.5731104,-7.5898434,"Morocco, Casablanca",1,"1"
"322",3097000,"Â Iran","137","mashhad","298","10400","E / B",36.2604623,59.6167549,"Iran, Mashhad",0,"0"
"321",3073000,"Â Bangladesh","138","chittagong","111","27600","C / B",22.366667,91.8,"Bangladesh, Chittagong",0,"1"
"320",3065000,"Â United States","139","san diego","1896","1600","A / A",32.715738,-117.1610838,"United States, San Diego",0,"1"
"319",3048000,"Â North Korea","140","pyongyang","176","17300","F / B",39.0392193,125.7625241,"North Korea, Pyongyang",1,"0"
"317",3044000,"Â China","141","shijiazhuang","518","5900","C / B",38.042307,114.51486,"China, Shijiazhuang",0,"0"
"318",3044000,"Â India","141","kanpur","192","15900","A / B",26.449923,80.3318736,"India, Kanpur",0,"0"
"316",3031000,"Â Ghana","143","kumasi","337","9000","C / B",6.6666004,-1.6162709,"Ghana, Kumasi",0,"0"
"315",3026000,"Â India","144","lucknow","238","12700","A / B",26.8465108,80.9466832,"India, Lucknow",0,"0"
"314",2994000,"Â Algeria","145","algiers","453","6600","D / B",36.752887,3.042048,"Algeria, Algiers",1,"1"
"313",2973000,"Â Taiwan","146","taichung","492","6000","E / B",24.1547304,120.6807984,"Taiwan, Taichung",0,"1"
"312",2971000,"Â China","147","changzhou","829","3600","C / B",31.811226,119.974062,"China, Changzhou",0,"0"
"311",2946000,"Â Turkey","148","ä°zmir","272","10800","D / B",38.41885,27.12872,"Turkey, Ä°zmir",0,"0"
"310",2939000,"Â China","149","urumqi","376","7800","X / B",43.825592,87.616848,"China, Urumqi",0,"0"
"309",2850000,"Â Pakistan","150","hyderabad","73","39300","C / B",25.3817509,68.3693897,"Pakistan, Hyderabad",0,"0"
"308",2817000,"Â China","151","wenzhou","259","10900","C / B",27.994267,120.699367,"China, Wenzhou",0,"1"
"307",2816000,"Â Ukraine","152","kiev","544","5200","D / B",50.4501,30.5234,"Ukraine, Kiev",1,"0"
"306",2796000,"Â Taiwan","153","kaohsiung","363","7700","E / B",22.6238898,120.3230776,"Taiwan, Kaohsiung",0,"1"
"305",2763000,"Â India","154","kalyan","93","29600","C / B",19.2403305,73.1305395,"India, Kalyan",0,"0"
"303",2749000,"Â China","155","guiyang","298","9200","C / B",26.647661,106.630154,"China, Guiyang",0,"0"
"304",2749000,"Â Syria","156","damascus","181","15200","D / B",33.513,36.292,"Syria, Damascus",0,"0"
"302",2731000,"Â United States","157","minneapolis","2647","1000","A / A",44.983334,-93.26667,"United States, Minneapolis",0,"0"
"301",2697000,"Â Portugal","158","lisbon","958","2800","D / B",38.7222524,-9.1393366,"Portugal, Lisbon",1,"1"
"300",2691000,"Â Mozambique","159","maputo","414","6500","E / B",-25.966667,32.583333,"Mozambique, Maputo",1,"1"
"299",2654000,"Â Japan","160","sapporo","622","4300","D / B",43.0620958,141.3543763,"Japan, Sapporo",0,"0"
"298",2630000,"Â Jordan","161","amman","344","7600","E / B",31.9565783,35.9456951,"Jordan, Amman",1,"0"
"297",2612000,"Â Cameroon","162","douala","205","12800","D / B",4.05,9.7,"Cameroon, Douala",1,"1"
"296",2608000,"Â Yemen","163","sana'a","179","14600","D / B",15.3694451,44.1910066,"Yemen, Sana'a",1,"0"
"295",2605000,"Â India","164","nagpur","220","11800","A / B",21.1458004,79.0881546,"India, Nagpur",0,"0"
"294",2602000,"Â South Africa","165","pretoria ","1230","2100","C / B",-25.746111,28.188056,"South Africa, Pretoria ",0,"0"
"293",2587000,"Â Cameroon","166","yaounde","231","11200","D / B",3.866667,11.516667,"Cameroon, Yaounde",0,"0"
"292",2556000,"Â Japan","167","fukuoka","531","4800","C / B",33.5903547,130.4017155,"Japan, Fukuoka",0,"0"
"291",2541000,"Â Brazil","168","campinas","932","2700","C / B",-22.9099384,-47.0626332,"Brazil, Campinas",0,"0"
"290",2533000,"Â Vietnam","169","hanoi","285","8900","C / B",21.033333,105.85,"Vietnam, Hanoi",0,"0"
"289",2516000,"Â United States","170","tampa","2479","1000","A / A",27.950575,-82.4571776,"United States, Tampa",0,"1"
"288",2514000,"Â China","171","lanzhou","220","11400","C / B",36.061089,103.834304,"China, Lanzhou",0,"0"
"287",2507000,"Â Poland","172","katowice","725","3500","C / B",50.2648919,19.0237815,"Poland, Katowice",1,"0"
"286",2505000,"Â United States","173","denver","1730","1400","A / A",39.737567,-104.9847179,"United States, Denver",0,"0"
"285",2486000,"Â Colombia","174","cali","155","16000","D / B",3.420556,-76.522222,"Colombia, Cali",0,"0"
"284",2469000,"Â China","175","nanchang","544","4500","C / B",28.682892,115.858198,"China, Nanchang",0,"0"
"283",2463000,"Â Philippines","176","cebu city ","207","11900","C / B",10.3156992,123.8854366,"Philippines, Cebu City ",0,"0"
"282",2456000,"Â Tunisia","177","tunis","363","6800","F / B",36.8064948,10.1815316,"Tunisia, Tunis",1,"1"
"281",2400000,"Â South Korea","178","daegu","246","9800","E / B",35.8714354,128.601445,"South Korea, Daegu",0,"0"
"280",2394000,"Â Brazil","179","brasilia","673","3600","E / B",-15.7941454,-47.8825479,"Brazil, Brasilia",0,"0"
"279",2379000,"Â Ecuador","180","guayaquil","220","10800","D / B",-2.1709979,-79.9223592,"Ecuador, Guayaquil",1,"0"
"278",2374000,"Â Mexico","181","puebla","622","3800","D / B",19.0412967,-98.2061996,"Mexico, Puebla",0,"0"
"277",2364000,"Â China","182","shantou","363","6500","C / B",23.354091,116.681972,"China, Shantou",0,"1"
"276",2360000,"Â Nigeria","183","abuja","225","10500","D / B",9.066667,7.483333,"Nigeria, Abuja",0,"0"
"275",2343000,"Â Venezuela","184","maracaibo","155","15100","D / B",10.633333,-71.633333,"Venezuela, Maracaibo",0,"0"
"274",2332000,"Â Haiti","185","port-au-prince","171","13600","D / B",18.533333,-72.333333,"Haiti, Port-au-Prince",1,"1"
"273",2316000,"Â Uzbekistan","186","tashkent","531","4400","D / B",41.266667,69.216667,"Uzbekistan, Tashkent",1,"0"
"272",2306000,"Â China","187","zhangjiagang","492","4700","C / B",31.875697,120.555678,"China, Zhangjiagang",0,"0"
"271",2303000,"Â Germany","188","frankfurt","673","3400","C / B",50.1109221,8.6821267,"Germany, Frankfurt",0,"0"
"270",2299000,"Â Iran","189","isfahan","350","6600","E / B",32.6546275,51.6679826,"Iran, Isfahan",0,"0"
"269",2297000,"Â United Kingdom","190","birmingham","600","3800","A / A",52.486243,-1.890401,"United Kingdom, Birmingham",0,"0"
"268",2277000,"Â China","191","nanning","306","7500","E / B",22.817002,108.366543,"China, Nanning",0,"0"
"267",2275000,"Â China","192","zhongshan","648","3500","C / B",22.516999,113.392725,"China, Zhongshan",0,"1"
"266",2264000,"Â India","193","indore","130","17500","A / B",22.7195687,75.8577258,"India, Indore",0,"0"
"265",2257000,"Â Dominican Republic","194","santo domingo","246","9200","D / B",18.466667,-69.95,"Dominican Republic, Santo Domingo",1,"1"
"264",2251000,"Â United States","195","baltimore","1857","1200","A / A",39.2903848,-76.6121893,"United States, Baltimore",0,"1"
"263",2250000,"Â Indonesia","196","medan","246","9100","D / B",3.5915405,98.6692998,"Indonesia, Medan",0,"1"
"261",2246000,"Â India","197","coimbatore","171","13100","A / B",11.0168445,76.9558321,"India, Coimbatore",0,"0"
"262",2246000,"Â United Kingdom","197","manchester","558","4000","A / A",53.4807593,-2.2426305,"United Kingdom, Manchester",0,"0"
"260",2211000,"Â India","199","kochi ","220","10000","A / B",9.9312328,76.2673041,"India, Kochi ",0,"0"
"259",2203000,"Â Paraguay","200","asuncion","557","4000","D / B",-25.282197,-57.6351,"Paraguay, Asuncion",1,"0"
"258",2200000,"Â China","201","chaoyang","272","8100","C / B",41.573734,120.450372,"China, Chaoyang",0,"0"
"256",2193000,"Â Burkina Faso","202","ouagadougou","350","6300","D / B",12.35,-1.516667,"Burkina Faso, Ouagadougou",1,"0"
"257",2193000,"Â Mali","203","bamako","311","7100","D / B",12.65,-8,"Mali, Bamako",1,"0"
"255",2182000,"Â Panama","204","panama city","168","13000","D / B",8.983333,-79.516667,"Panama, Panama City",1,"1"
"254",2177000,"Â Sri Lanka","205","colombo","223","9800","E / B",6.9270786,79.861243,"Sri Lanka, Colombo",1,"1"
"253",2166000,"Â Canada","206","vancouver","1150","1900","A / A",49.261226,-123.1139268,"Canada, Vancouver",0,"1"
"252",2163000,"Â Puerto Rico","207","san juan","2246","1000","A / A",18.4663338,-66.1057217,"Puerto Rico, San Juan",1,"1"
"251",2157000,"Â United States","208","st. louis","2393","900","A / A",38.6270025,-90.1994042,"United States, St. Louis",0,"0"
"250",2139000,"Â India","209","patna","127","16900","A / B",25.611,85.144,"India, Patna",0,"0"
"249",2131000,"Â Brazil","210","goiania","673","3200","D / B",-16.6868912,-49.2647943,"Brazil, Goiania",0,"0"
"248",2123000,"Â China","211","linyi","596","3600","C / B",35.104672,118.356448,"China, Linyi",0,"0"
"247",2120000,"Â India","212","kozhikode ","119","17800","A / B",11.2587531,75.78041,"India, Kozhikode ",0,"0"
"246",2119000,"Â Netherlands","213","rotterdam","842","2500","C / B",51.9244201,4.4777325,"Netherlands, Rotterdam",1,"0"
"245",2116000,"Â Brazil","214","belem","259","8200","D / B",-1.4557549,-48.4901799,"Brazil, Belem",0,"1"
"243",2112000,"Â Azerbaijan","215","baku","298","7100","D / B",40.4092617,49.8670924,"Azerbaijan, Baku",1,"1"
"244",2112000,"Â Cuba","215","havana","285","7400","D / B",23.0540698,-82.345189,"Cuba, Havana",1,"1"
"242",2094000,"Â China","217","shaoxing","461","4500","E / B",29.995762,120.586109,"China, Shaoxing",0,"0"
"241",2075000,"Â Madagascar","218","antananarivo","220","9400","C / B",-18.933333,47.516667,"Madagascar, Antananarivo",1,"0"
"240",2069000,"Â Germany","219","cologne","932","2200","C / B",50.937531,6.9602786,"Germany, Cologne",0,"0"
"239",2065000,"Â China","220","baotou","376","5500","C / B",40.657449,109.840347,"China, Baotou",0,"0"
"238",2059000,"Â China","221","tangshan","277","7400","E / B",39.630867,118.180194,"China, Tangshan",0,"1"
"237",2035000,"Â Lebanon","222","beirut","673","3000","D / B",33.8886289,35.4954794,"Lebanon, Beirut",1,"1"
"236",2005000,"Â Japan","223","kitakyå«shå«","492","4100","C / B",33.8834093,130.8752161,"Japan, KitakyÅ«shÅ«",0,"0"
"235",2002000,"Â Nigeria","224","port harcourt","158","12700","C / B",4.79,6.993333,"Nigeria, Port Harcourt",0,"1"
"234",1988000,"Â China","225","hohhot","401","5000","C / B",40.842585,111.749181,"China, Hohhot",0,"0"
"233",1967000,"Â India","226","bhopal","148","13300","A / B",23.2599333,77.412615,"India, Bhopal",0,"0"
"232",1955000,"Â United States","227","las vegas","1080","1800","A / A",36.1699412,-115.1398296,"United States, Las Vegas",0,"0"
"231",1944000,"Â Belgium","228","brussels","751","2600","C / B",50.8503396,4.3517103,"Belgium, Brussels",1,"0"
"230",1941000,"Â Colombia","229","barranquilla","142","13600","D / B",10.9642103,-74.7970435,"Colombia, Barranquilla",0,"1"
"228",1931000,"Â Romania","230","bucharest","285","6800","D / B",44.4325,26.103889,"Romania, Bucharest",1,"0"
"229",1931000,"Â United States","230","orlando","1958","1000","N / N",28.5383355,-81.3792365,"United States, Orlando",0,"0"
"226",1923000,"Â Brazil","232","manaus","298","6500","D / B",-3.1190275,-60.0217314,"Brazil, Manaus",0,"0"
"227",1923000,"Â United States","232","portland","1357","1400","A / A",45.5234515,-122.6762071,"United States, Portland",0,"1"
"225",1912000,"Â Australia","234","brisbane","1972","1000","A / A",-27.4710107,153.0234489,"Australia, Brisbane",0,"1"
"224",1897000,"Â India","235","vadodara","137","13800","A / B",22.3071588,73.1812187,"India, Vadodara",0,"0"
"223",1896000,"Â Venezuela","236","valencia","218","8700","D / B",10.1579312,-67.9972104,"Venezuela, Valencia",0,"0"
"222",1881000,"Â Morocco","237","rabat","142","13200","D / B",33.9715904,-6.8498129,"Morocco, Rabat",0,"1"
"221",1871000,"Â Pakistan","238","multan","142","13100","D / B",30.1983807,71.4687028,"Pakistan, Multan",0,"0"
"220",1862000,"Â Togo","239","lome","207","9000","F / B",6.131944,1.222778,"Togo, Lome",1,"1"
"219",1861000,"Â Pakistan","240","gujranwala","148","12600","D / B",32.1543783,74.1842254,"Pakistan, Gujranwala",0,"0"
"217",1860000,"Â Belarus","241","minsk","324","5700","D / B",53.9,27.566667,"Belarus, Minsk",1,"0"
"218",1860000,"Â United States","241","san antonio","1546","1200","A / A",29.4241219,-98.4936282,"United States, San Antonio",0,"0"
"216",1856000,"Â China","243","huai'an","148","12600","E / B",33.61036,119.015288,"China, Huai'an",0,"0"
"215",1854000,"Â India","244","thrissur","363","5100","A / B",10.5276416,76.2144349,"India, Thrissur",0,"0"
"214",1849000,"Â Zambia","245","lusaka","179","10300","D / B",-15.416667,28.283333,"Zambia, Lusaka",1,"0"
"213",1846000,"Â Indonesia","246","semarang","259","7100","D / B",-6.966667,110.416667,"Indonesia, Semarang",0,"1"
"212",1838000,"Â Guinea","247","conakry","161","11400","D / B",9.509167,-13.712222,"Guinea, Conakry",1,"1"
"211",1827000,"Â Mexico","248","tijuana","466","3900","D / B",32.5149469,-117.0382471,"Mexico, Tijuana",0,"1"
"210",1824000,"Â India","249","agra","130","14100","A / B",27.1766701,78.0080745,"India, Agra",0,"0"
"209",1820000,"Â Uganda","250","kampala","492","3700","D / B",0.313611,32.581111,"Uganda, Kampala",1,"0"
"208",1806000,"Â India","251","visakhapatnam","181","10000","A / B",17.6868159,83.2184815,"India, Visakhapatnam",0,"1"
"207",1796000,"Â Germany","252","hamburg","712","2500","C / B",53.5510846,9.9936818,"Germany, Hamburg",0,"0"
"206",1776000,"Â United States","253","sacramento","1220","1500","A / A",38.5815719,-121.4943996,"United States, Sacramento",0,"0"
"205",1770000,"Â Bolivia","254","la paz","155","11400","D / B",-16.5,-68.15,"Bolivia, La Paz",1,"0"
"204",1765000,"Â United States","255","cleveland","1999","900","A / A",41.49932,-81.6943605,"United States, Cleveland",0,"0"
"203",1762000,"Â India","256","thiruvananthapuram","142","12400","A / B",8.5241391,76.9366376,"India, Thiruvananthapuram",0,"1"
"202",1761000,"Â China","257","luoyang","220","8000","E / B",34.619683,112.45404,"China, Luoyang",0,"0"
"201",1749000,"Â Bolivia","258","santa cruz de la sierra","220","7900","D / B",-17.866667,-63,"Bolivia, Santa Cruz de la Sierra",0,"0"
"200",1747000,"Â Mexico","259","toluca","220","7900","D / B",19.2826098,-99.6556653,"Mexico, Toluca",0,"0"
"199",1734000,"Â United States","260","pittsburgh","2344","700","A / A",40.4406248,-79.9958864,"United States, Pittsburgh",0,"0"
"198",1732000,"Â Austria","261","vienna","453","3800","E / B",48.2081743,16.3738189,"Austria, Vienna",1,"0"
"197",1729000,"Â Turkey","262","bursa","127","13600","D / B",40.182846,29.067084,"Turkey, Bursa",0,"0"
"196",1728000,"Â China","263","handan","168","10300","E / B",36.625657,114.538962,"China, Handan",0,"0"
"195",1726000,"Â Hungary","264","budapest","894","1900","D / B",47.497912,19.040235,"Hungary, Budapest",1,"0"
"194",1716000,"Â Brazil","265","santos","207","8300","D / B",-23.9540376,-46.3354875,"Brazil, Santos",0,"1"
"193",1715000,"Â Poland","266","warsaw","544","3200","D / B",52.2296756,21.0122287,"Poland, Warsaw",0,"0"
"192",1702000,"Â Iran","267","shiraz","246","6900","E / B",29.5917677,52.5836982,"Iran, Shiraz",0,"0"
"191",1698000,"Â India","268","malappuram","324","5200","A / B",11.056216,76.0683918,"India, Malappuram",0,"0"
"190",1696000,"Â Democratic Republic of the Congo","269","lubumbashi","155","10900","D / B",-11.664722,27.479444,"Democratic Republic of the Congo, Lubumbashi",0,"0"
"189",1694000,"Â China","270","yinchuan","158","10700","E / B",38.487194,106.230909,"China, Yinchuan",0,"0"
"188",1693000,"Â Cambodia","271","phnom penh","166","10200","D / B",11.5448729,104.8921668,"Cambodia, Phnom Penh",1,"0"
"186",1685000,"Â India","272","ludhiana","168","10000","A / B",30.900965,75.8572758,"India, Ludhiana",0,"0"
"187",1685000,"Â Republic of the Congo","272","brazzaville","181","9300","D / B",-4.267778,15.291944,"Republic of the Congo, Brazzaville",1,"0"
"185",1684000,"Â Ecuador","274","quito","479","3500","D / B",-0.1806532,-78.4678382,"Ecuador, Quito",0,"0"
"184",1666000,"Â Brazil","275","vitoria","363","4600","D / B",-20.2976178,-40.2957768,"Brazil, Vitoria",0,"1"
"183",1665000,"Â Mexico","276","leon","158","10500","D / B",21.1250077,-101.6859605,"Mexico, Leon",0,"0"
"182",1661000,"Â Uruguay","277","montevideo","259","6400","D / B",-34.9011127,-56.1645314,"Uruguay, Montevideo",1,"1"
"181",1657000,"Â Australia","278","perth","1566","1100","A / A",-31.9530044,115.8574693,"Australia, Perth",0,"1"
"180",1647000,"Â Iran","279","tabriz","168","9800","E / B",38.066667,46.3,"Iran, Tabriz",0,"0"
"179",1646000,"Â El Salvador","280","san salvador","155","10600","D / B",13.6929403,-89.2181911,"El Salvador, San Salvador",1,"0"
"178",1643000,"Â India","281","kannur","91","18100","A / B",11.8744775,75.3703662,"India, Kannur",0,"1"
"177",1641000,"Â China","282","jilin","194","8400","C / B",43.837883,126.549572,"China, Jilin",0,"0"
"176",1640000,"Â Malaysia","283","johor bahru","712","2300","E / B",1.492659,103.7413591,"Malaysia, Johor Bahru",0,"0"
"175",1637000,"Â Somalia","284","mogadishu","96","17100","D / B",2.033333,45.35,"Somalia, Mogadishu",1,"1"
"174",1635000,"Â India","285","nashik","111","14700","A / B",19.9974533,73.7898023,"India, Nashik",0,"0"
"173",1625000,"Â United States","286","cincinnati","2041","800","A / A",39.1031182,-84.5120196,"United States, Cincinnati",0,"0"
"172",1619000,"Â Zimbabwe","287","harare","596","2700","E / B",-17.863889,31.029722,"Zimbabwe, Harare",1,"0"
"171",1611000,"Â China","288","datong","181","8900","E / B",40.076763,113.300129,"China, Datong",0,"0"
"170",1610000,"Â Nigeria","289","kaduna","153","10500","D / B",10.516667,7.433333,"Nigeria, Kaduna",0,"0"
"169",1606000,"Â Pakistan","290","peshawar","117","13800","D / B",34.0149748,71.5804899,"Pakistan, Peshawar",0,"0"
"167",1600000,"Â China","291","haikou","311","5100","C / B",20.044002,110.198293,"China, Haikou",0,"1"
"168",1600000,"Â Indonesia","291","makassar","179","9000","C / B",-5.1308551,119.4165284,"Indonesia, Makassar",0,"1"
"166",1598000,"Â China","293","zibo","350","4600","C / B",36.813487,118.054927,"China, Zibo",0,"0"
"165",1596000,"Â China","294","kunshan","492","3200","C / B",31.385598,120.980737,"China, Kunshan",0,"0"
"164",1593000,"Â China","295","yangzhou","233","6800","C / B",32.39421,119.412966,"China, Yangzhou",0,"0"
"163",1587000,"Â France","296","marseille","1204","1300","A / B",43.296482,5.36978,"France, Marseille",0,"1"
"162",1571000,"Â China","297","anshan","181","8700","C / B",41.108647,122.994329,"China, Anshan",0,"0"
"160",1567000,"Â Iraq","298","mosul","140","11200","D / B",36.34,43.13,"Iraq, Mosul",0,"0"
"161",1567000,"Â Saudi Arabia","298","mecca","389","4000","E / B",21.416667,39.816667,"Saudi Arabia, Mecca",0,"0"
"159",1564000,"Â Argentina","300","cordoba","363","4300","D / B",-31.3989296,-64.1821289,"Argentina, Cordoba",0,"0"
"158",1561000,"Â Spain","301","valencia","272","5700","C / B",39.4699075,-0.3762881,"Spain, Valencia",0,"0"
"157",1558000,"Â India","301","vijayawada","57","27300","A / B",16.5061743,80.6480153,"India, Vijayawada",0,"0"
"155",1547000,"Â France","302","lyon","1178","1300","A / A",45.764043,4.835659,"France, Lyon",0,"0"
"156",1547000,"Â United States","302","kansas city","1756","900","A / A",39.0997265,-94.5785667,"United States, Kansas City",0,"0"
"153",1543000,"Â Costa Rica","304","san jose","324","4800","D / B",9.9280694,-84.0907246,"Costa Rica, San Jose",1,"0"
"154",1543000,"Â United Kingdom","304","leeds-bradford","370","4200","A / A",53.7887315,-1.7875219,"United Kingdom, Leeds-Bradford",0,"0"
"152",1542000,"Â Indonesia","306","palembang","220","7000","D / B",-2.990934,104.7565565,"Indonesia, Palembang",0,"0"
"151",1532000,"Â United States","307","indianapolis","1829","800","A / A",39.768403,-86.158068,"United States, Indianapolis",0,"0"
"150",1525000,"Â India","308","madurai","75","20300","A / B",9.9252007,78.1197754,"India, Madurai",0,"0"
"149",1513000,"Â South Korea","309","daejeon","132","11500","E / B",36.3504119,127.3845475,"South Korea, Daejeon",0,"0"
"148",1499000,"Â Italy","310","turin","376","4000","C / B",45.070312,7.6868565,"Italy, Turin",0,"0"
"147",1498000,"Â India","311","varanasi","101","14800","A / B",25.3176452,82.9739144,"India, Varanasi",0,"0"
"146",1493000,"Â Philippines","312","davao city","2443","610","D / B",7.190708,125.455341,"Philippines, Davao City",0,"1"
"145",1489000,"Â India","313","meerut","104","14400","A / B",28.9844618,77.7064137,"India, Meerut",0,"0"
"144",1488000,"Â United States","314","austin","1355","1100","A / A",30.267153,-97.7430608,"United States, Austin",0,"0"
"143",1481000,"Â South Korea","315","gwangju","127","11700","E / B",35.1595454,126.8526012,"South Korea, Gwangju",0,"0"
"142",1477000,"Â Turkey","316","adana","124","11900","D / B",37,35.321333,"Turkey, Adana",0,"0"
"141",1470000,"Â Russia","317","novosibirsk","622","2400","E / B",55.0083526,82.9357327,"Russia, Novosibirsk",0,"0"
"140",1466000,"Â United States","318","virginia beach-norfolk","1334","1100","A / A",36.8556291,-76.2331972,"United States, Virginia Beach-Norfolk",0,"0"
"139",1458000,"Â China","319","liuzhou","207","7000","E / B",24.325502,109.415953,"China, Liuzhou",0,"0"
"138",1455000,"Â India","320","rajkot","75","19400","A / B",22.3038945,70.8021599,"India, Rajkot",0,"0"
"137",1449000,"Â Ukraine","321","kharkiv","466","3100","D / B",49.9935,36.230383,"Ukraine, Kharkiv",0,"0"
"136",1439000,"Â Nigeria","322","benin city","228","6300","D / B",6.3176,5.6145,"Nigeria, Benin City",0,"0"
"135",1435000,"Â Sweden","323","stockholm","382","3800","A / A",59.3293235,18.0685808,"Sweden, Stockholm",1,"0"
"134",1430000,"Â Democratic Republic of the Congo","324","mbuji-mayi","122","11700","D / B",-6.15,23.6,"Democratic Republic of the Congo, Mbuji-Mayi",0,"0"
"133",1422000,"Â China","325","weifang","246","5800","C / B",36.706774,119.161756,"China, Weifang",0,"0"
"132",1415000,"Â Kazakhstan","326","almaty","420","3400","E / B",43.2775,76.895833,"Kazakhstan, Almaty",1,"0"
"131",1412000,"Â China","327","fushun","130","10900","C / B",41.880872,123.957208,"China, Fushun",0,"0"
"130",1409000,"Â United States","328","columbus","1321","1100","A / A",39.9611755,-82.9987942,"United States, Columbus",0,"0"
"129",1398000,"Â Portugal","329","porto","389","3600","C / B",41.1579438,-8.6291053,"Portugal, Porto",0,"1"
"128",1397000,"Â India","330","jamshedpur","109","12800","A / B",22.8045665,86.2028754,"India, Jamshedpur",0,"0"
"127",1388000,"Â United States","331","milwaukee","1414","1000","A / A",43.0389025,-87.9064736,"United States, Milwaukee",0,"0"
"126",1387000,"Â China","332","huizhou","168","8200","E / B",23.111847,114.416196,"China, Huizhou",0,"1"
"125",1377000,"Â China","333","yantai","262","5300","C / B",37.463822,121.447935,"China, Yantai",0,"1"
"124",1369000,"Â Mexico","334","ciudad juarez","324","4200","D / B",31.6903638,-106.4245478,"Mexico, Ciudad Juarez",0,"0"
"123",1357000,"Â Germany","335","munich","466","2900","C / B",48.1351253,11.5819806,"Germany, Munich",0,"0"
"122",1342000,"Â Brazil","336","natal","181","7400","D / B",-5.7792569,-35.200916,"Brazil, Natal",0,"1"
"121",1340000,"Â Russia","337","yekaterinburg","518","2600","E / B",56.8389261,60.6057025,"Russia, Yekaterinburg",0,"0"
"120",1334000,"Â Japan","338","sendai","324","4100","C / B",38.268215,140.8693558,"Japan, Sendai",0,"1"
"119",1331000,"Â India","339","srinagar","127","10500","A / B",34.0836581,74.7973681,"India, Srinagar",0,"0"
"117",1325000,"Â India","340","jabalpur","91","14600","A / B",23.166667,79.933333,"India, Jabalpur",0,"0"
"118",1325000,"Â Japan","340","hiroshima","285","4700","C / B",34.3852029,132.4552927,"Japan, Hiroshima",0,"1"
"116",1323000,"Â Brazil","342","sao luis, maranhao","427","3100","D / B",-2.5391099,-44.2829046,"Brazil, Sao Luis, Maranhao",0,"0"
"115",1322000,"Â China","343","baoding","220","6000","E / B",38.873891,115.464806,"China, Baoding",0,"0"
"113",1310000,"Â New Zealand","344","auckland","544","2400","E / B",-36.8484597,174.7633315,"New Zealand, Auckland",1,"1"
"114",1310000,"Â United States","344","charlotte","1919","700","A / A",35.2270869,-80.8431267,"United States, Charlotte",0,"0"
"110",1300000,"Â Armenia","346","yerevan","324","4000","F / B",40.183333,44.516667,"Armenia, Yerevan",1,"0"
"111",1300000,"Â Australia","346","adelaide","394","3300","A / A",-34.9286212,138.5999594,"Australia, Adelaide",0,"0"
"112",1300000,"Â India","346","asansol","65","20100","A / B",23.68,86.99,"India, Asansol",0,"0"
"109",1290000,"Â Argentina","349","rosario","233","5500","D / B",-32.9507408,-60.6665001,"Argentina, Rosario",0,"0"
"107",1274000,"Â China","350","zhuhai","246","5200","E / B",22.270715,113.576726,"China, Zhuhai",0,"1"
"108",1274000,"Â Germany","350","stuttgart","414","3100","C / B",48.7754181,9.1817588,"Germany, Stuttgart",0,"0"
"106",1271000,"Â India","352","allahabad","124","10200","A / B",25.4358011,81.846311,"India, Allahabad",0,"0"
"105",1265000,"Â Venezuela","353","barquisimeto","96","13200","D / B",10.063611,-69.334722,"Venezuela, Barquisimeto",0,"0"
"104",1264000,"Â Czech Republic","354","prague","285","4400","D / B",50.0755381,14.4378005,"Czech Republic, Prague",1,"0"
"103",1260000,"Â Mexico","355","torreon","168","7500","D / B",25.5428443,-103.4067861,"Mexico, Torreon",0,"0"
"102",1259000,"Â Taiwan","356","tainan","207","6100","E / B",22.9998999,120.2268758,"Taiwan, Tainan",0,"1"
"101",1250000,"Â Indonesia","357","yogyakarta","233","5400","C / B",-7.7970684,110.3705267,"Indonesia, Yogyakarta",0,"0"
"100",1249000,"Â India","358","dhanbad","96","13000","A / B",23.7956531,86.4303859,"India, Dhanbad",0,"0"
"99",1247000,"Â Russia","359","nizhny novgorod","622","2000","E / B",56.2965039,43.9360589,"Russia, Nizhny Novgorod",0,"0"
"98",1246000,"Â China","360","xuzhou","233","5300","E / B",34.205768,117.284124,"China, Xuzhou",0,"0"
"97",1244000,"Â India","361","aurangabad","73","17200","A / B",19.8761653,75.3433139,"India, Aurangabad",0,"0"
"96",1241000,"Â Iran","362","ahvaz","233","5300","E / B",31.3183272,48.6706187,"Iran, Ahvaz",0,"0"
"95",1239000,"Â India","363","amritsar","98","12600","A / B",31.6339793,74.8722642,"India, Amritsar",0,"0"
"94",1233796,"Â Serbia","364","belgrade","233","4700","C / B",44.816667,20.466667,"Serbia, Belgrade",1,"0"
"93",1228000,"Â Guatemala","365","guatemala city","298","4100","C / B",14.613333,-90.535278,"Guatemala, Guatemala City",1,"0"
"92",1225000,"Â Brazil","366","maceio","104","11800","D / B",-9.6498487,-35.7089492,"Brazil, Maceio",0,"1"
"91",1218000,"Â Denmark","367","copenhagen","453","2700","A / A",55.6760968,12.5683371,"Denmark, Copenhagen",1,"1"
"90",1217000,"Â China","368","wuhu","161","7600","E / B",31.352859,118.432941,"China, Wuhu",0,"0"
"89",1216000,"Â China","369","qiqihar","130","9400","E / B",47.354348,123.918186,"China, Qiqihar",0,"0"
"88",1209000,"Â Turkey","370","gaziantep","88","13700","D / B",37.06622,37.38332,"Turkey, Gaziantep",0,"0"
"87",1203000,"Â United Kingdom","371","glasgow","368","3300","A / A",55.864237,-4.251806,"United Kingdom, Glasgow",0,"0"
"84",1200000,"Â China","372","cixi city","298","4000","C / B",30.17078,121.266595,"China, Cixi City",0,"1"
"85",1200000,"Â China","374","zhangzhou","350","3400","E / B",24.512949,117.647481,"China, Zhangzhou",0,"1"
"86",1200000,"Â China","373","xining","106","11300","E / B",36.617134,101.778224,"China, Xining",0,"0"
"83",1199000,"Â Niger","375","niamey","130","9300","E / B",13.521389,2.105278,"Niger, Niamey",1,"0"
"82",1196000,"Â Brazil","376","joao pessoa","194","6200","D / B",-7.1194958,-34.8450118,"Brazil, Joao Pessoa",0,"1"
"81",1195000,"Â China","377","anyang","181","6600","E / B",36.097577,114.392393,"China, Anyang",0,"0"
"80",1190000,"Â India","378","jodhpur","83","14400","A / B",26.2389469,73.0243094,"India, Jodhpur",0,"0"
"79",1187000,"Â United States","379","providence","1412","800","A / A",41.8239891,-71.4128343,"United States, Providence",0,"1"
"78",1182000,"Â Bulgaria","380","sofia","207","5700","D / B",42.6977082,23.3218675,"Bulgaria, Sofia",1,"0"
"76",1179000,"Â Bangladesh","381","khulna","70","16900","C / B",22.816667,89.55,"Bangladesh, Khulna",0,"0"
"77",1179000,"Â India","382","ranchi","57","20700","A / B",23.3440997,85.309562,"India, Ranchi",0,"0"
"75",1176000,"Â India","383","raipur","111","10600","A / B",21.2513844,81.6296413,"India, Raipur",0,"0"
"74",1175000,"Â Angola","384","huambo","57","20600","D / B",-12.766667,15.733333,"Angola, Huambo",0,"0"
"73",1172000,"Â Saudi Arabia","385","medina","350","3400","E / B",24.466667,39.6,"Saudi Arabia, Medina",0,"0"
"72",1164000,"Â India","386","durg-bhilai","114","10200","A / B",21.2088774,81.3780632,"India, Durg-Bhilai",0,"0"
"71",1162000,"Â Russia","387","samara","376","3100","D / B",53.202778,50.140833,"Russia, Samara",0,"0"
"70",1160000,"Â Libya","388","tripoli","194","6000","D / B",32.8133112,13.1048449,"Libya, Tripoli",1,"1"
"69",1159000,"Â Finland","389","helsinki","492","2400","E / B",60.1733244,24.9410248,"Finland, Helsinki",1,"1"
"68",1152000,"Â India","390","gwalior","57","20200","A / B",26.2182871,78.1828308,"India, Gwalior",0,"0"
"66",1150000,"Â China","391","putian","453","2500","E / B",25.454085,119.007777,"China, Putian",0,"1"
"67",1150000,"Â Malaysia","392","penang","298","3900","E / B",5.4141675,100.3287589,"Malaysia, Penang",0,"0"
"65",1148000,"Â Russia","393","omsk","492","2300","E / B",54.983333,73.366667,"Russia, Omsk",0,"0"
"64",1147000,"Â India","394","vasai-virar","91","12700","A / B",19.3896402,72.8160976,"India, Vasai-Virar",0,"0"
"63",1144000,"Â Mexico","395","queretaro","150","7600","D / B",20.5887932,-100.3898881,"Mexico, Queretaro",0,"0"
"62",1143000,"Â Ireland","396","dublin","453","2500","D / B",53.3498053,-6.2603097,"Ireland, Dublin",1,"1"
"61",1142000,"Â China","397","zhangjiakou","130","8800","E / B",40.767545,114.886335,"China, Zhangjiakou",0,"0"
"60",1141000,"Â Russia","398","kazan","492","2300","D / B",55.790278,49.134722,"Russia, Kazan",0,"0"
"59",1139000,"Â China","399","changshu","285","4000","C / B",31.653686,120.752503,"China, Changshu",0,"0"
"58",1134000,"Â Colombia","400","bucaramanga","60","19000","D / B",7.11331,-73.120468,"Colombia, Bucaramanga",0,"0"
"57",1133000,"Â Venezuela","401","maracay","158","7200","D / B",10.246944,-67.596111,"Venezuela, Maracay",0,"0"
"55",1130000,"Â Honduras","402","tegucigalpa","98","11500","D / B",14.0833,-87.2167,"Honduras, Tegucigalpa",1,"0"
"56",1130000,"Â Russia","403","chelyabinsk","583","1900","D / B",55.1644419,61.4368431,"Russia, Chelyabinsk",0,"0"
"54",1122000,"Â Georgia","404","tbilisi","194","5800","D / B",41.716667,44.783333,"Georgia, Tbilisi",1,"0"
"53",1119526,"Â Germany","405","hanover ","2290","490","A / A",52.3758916,9.7320104,"Germany, Hanover ",0,"0"
"52",1119000,"Â Canada","406","calgary","704","1600","A / A",51.0453246,-114.0581012,"Canada, Calgary",0,"0"
"51",1117000,"Â Morocco","407","fes","52","21600","D / B",34.033333,-5,"Morocco, Fes",0,"0"
"50",1112000,"Â China","408","huainan","109","10200","E / B",32.625478,116.999933,"China, Huainan",0,"0"
"49",1110000,"Â India","409","kollam","181","6100","A / B",8.8932118,76.6141396,"India, Kollam",0,"1"
"48",1108000,"Â Burma","410","mandalay","85","13000","D / B",21.975,96.083333,"Burma, Mandalay",0,"0"
"47",1106000,"Â Â Â Nepal","411","kathmandu","60","18600","D / B",27.7,85.333333,"Â Â Nepal, Kathmandu",1,"0"
"46",1105000,"Â Burma","412","naypyidaw","233","4700","D / H",19.75,96.1,"Burma, Naypyidaw",0,"0"
"45",1101000,"Â United States","413","jacksonville","1373","800","A / A",30.3321838,-81.655651,"United States, Jacksonville",0,"1"
"43",1100000,"Â China","415","xiangyang","135","8200","C / B",32.008986,112.122415,"China, Xiangyang",0,"0"
"44",1100000,"Â Spain","414","seville","272","4000","C / B",37.3890924,-5.9844589,"Spain, Seville",0,"0"
"42",1092000,"Â Brazil","416","joinville","150","7300","D / B",-26.3044084,-48.8463832,"Brazil, Joinville",0,"0"
"41",1091000,"Â Mongolia","417","ulan bator","233","4700","E / B",47.92,106.92,"Mongolia, Ulan Bator",1,"0"
"40",1089000,"Â Russia","418","rostov-on-don","414","2600","D / B",47.233333,39.7,"Russia, Rostov-on-Don",0,"0"
"39",1087000,"Â South Korea","419","ulsan","104","10500","D / B",35.5383773,129.3113596,"South Korea, Ulsan",0,"1"
"38",1085000,"Â China","420","chifeng","85","12700","E / B",42.257817,118.886856,"China, Chifeng",0,"0"
"37",1080000,"Â China","421","jiamusi","80","13500","E / B",46.799778,130.318879,"China, Jiamusi",0,"0"
"36",1079000,"Â United States","422","memphis","1287","800","A / A",35.1495343,-90.0489801,"United States, Memphis",0,"0"
"35",1078000,"Â Iraq","423","erbil","75","14400","D / B",36.191111,44.009167,"Iraq, Erbil",0,"0"
"34",1074000,"Â India","424","chandigarh","202","5300","A / B",30.7333148,76.7794179,"India, Chandigarh",0,"0"
"33",1072000,"Â Israel","425","haifa","228","4700","D / B",32.7940463,34.989571,"Israel, Haifa",0,"1"
"32",1069000,"Â Turkey","426","konya","130","8300","D / B",37.866667,32.483333,"Turkey, Konya",0,"0"
"30",1068000,"Â India","427","tiruchirappalli","85","12500","A / B",10.7904833,78.7046725,"India, Tiruchirappalli",0,"0"
"31",1068000,"Â United States","428","salt lake city","720","1500","A / A",40.7607793,-111.8910474,"United States, Salt Lake City",0,"0"
"29",1061000,"Â Brazil","429","florianopolis","130","8200","D / B",-27.5949884,-48.5481743,"Brazil, Florianopolis",0,"1"
"28",1060000,"Â China","430","dongying","220","4800","E / B",37.434751,118.674767,"China, Dongying",0,"1"
"25",1055000,"Â Kenya","431","mombasa","85","12300","D / B",-4.0434771,39.6682065,"Kenya, Mombasa",0,"1"
"26",1055000,"Â Mexico","432","merida","207","5100","D / B",20.9660441,-89.627433,"Mexico, Merida",0,"0"
"27",1055000,"Â Rwanda","433","kigali","114","9300","E / B",-1.943889,30.059444,"Rwanda, Kigali",1,"0"
"23",1050000,"Â France","434","lille","474","2200","C / A-B",50.62925,3.057256,"France, Lille",0,"0"
"24",1050000,"Â Netherlands","435","amsterdam","414","2500","C / B",52.3702157,4.8951679,"Netherlands, Amsterdam",0,"1"
"22",1048000,"Â China","436","xinxiang","104","10100","E / B",35.302928,113.926975,"China, Xinxiang",0,"0"
"21",1047000,"Â India","437","kota","62","16800","A / B",25.2138156,75.8647527,"India, Kota",0,"0"
"19",1044000,"Â China","438","jiaxing","259","4000","C / B",30.753924,120.758543,"China, Jiaxing",0,"1"
"20",1044000,"Â Nigeria","439","zaria","88","11900","F / B",11.066667,7.7,"Nigeria, Zaria",0,"0"
"17",1040000,"Â Chad","440","n'djamena","83","12500","D / B",12.113056,15.049167,"Chad, N'Djamena",1,"0"
"18",1040000,"Â Mexico","441","san luis potosi","132","7900","D / B",22.1564699,-100.9855409,"Mexico, San Luis Potosi",0,"0"
"15",1036000,"Â China","443","nantong","233","4400","C / B",31.980172,120.894291,"China, Nantong",0,"1"
"16",1036000,"Â China","442","huaibei","91","11400","C / B",33.955845,116.798265,"China, Huaibei",0,"0"
"14",1034000,"Â Iran","444","qom","117","8900","E / B",34.6399443,50.8759419,"Iran, Qom",0,"0"
"13",1033000,"Â India","445","mysore","91","11400","A / B",12.2958104,76.6393805,"India, Mysore",0,"0"
"12",1025000,"Â India","446","bareilly","83","12400","A / B",28.3670355,79.4304381,"India, Bareilly",0,"0"
"11",1020000,"Â Germany","447","nuremberg","337","3000","C / B",49.45203,11.07675,"Germany, Nuremberg",0,"0"
"10",1015000,"Â Russia","448","ufa","168","6000","E / B",54.7387621,55.9720554,"Russia, Ufa",0,"0"
"8",1014000,"Â India","449","guwahati","70","14500","A / B",26.1445169,91.7362365,"India, Guwahati",0,"0"
"9",1014000,"Â United States","449","nashville","1458","700","A / A",36.166667,-86.783333,"United States, Nashville",0,"0"
"7",1010000,"Â Ukraine","451","odessa","207","4900","D / B",46.482526,30.7233095,"Ukraine, Odessa",0,"1"
"6",1001000,"Â Colombia","452","cartagena","83","12100","D / B",10.41373,-75.5335769,"Colombia, Cartagena",0,"1"
"1",1e+06,"Â Japan","453","hamamatsu","259","3900","C / B",34.7108344,137.7261258,"Japan, Hamamatsu",0,"1"
"2",1e+06,"Â Liberia","453","monrovia","194","5100","E / B",6.313333,-10.801389,"Liberia, Monrovia",1,"1"
"3",1e+06,"Â South Africa","453","port elizabeth","389","2600","C / B",-33.958056,25.6,"South Africa, Port Elizabeth",0,"1"
"4",1e+06,"Â South Korea","453","changwon","104","9700","E / B",37.6639976,127.9784585,"South Korea, Changwon",0,"1"
"5",1e+06,"Â Ukraine","453","dnipropetrovsk","324","3100","D / B",48.464717,35.046183,"Ukraine, Dnipropetrovsk",0,"0"
