"","Rank","City","Country","Population","Area
(km2)","Density
(/km2)","Sources of
Pop. / Area","lat","lon","full name"
"1","1","Tokyo"," Japan","37,239,000","8,547","4,400","D / B",35.6894875,139.6917064,"Japan, Tokyo"
"2","2","Jakarta "," Indonesia","26,746,000","2,784","9,600","C / B",-6.2087634,106.845599,"Indonesia, Jakarta "
"3","3","Seoul"," South Korea","22,868,000","2,163","10,600","C / B",37.566535,126.9779692,"South Korea, Seoul"
"4","4","Delhi"," India","22,826,000","1,943","11,800","A / B",28.635308,77.22496,"India, Delhi"
"5","5","Shanghai"," China","21,766,000","3,497","6,200","C / B",31.230416,121.473701,"China, Shanghai"
"6","6","Manila "," Philippines","21,241,000","1,437","14,800","C / B",14.5995124,120.9842195,"Philippines, Manila "
"7","7","Karachi"," Pakistan","20,877,000","803","26,000","C / B",24.8614622,67.0099388,"Pakistan, Karachi"
"8","8","New York City"," United States","20,673,000","11,642","1,800","N / N",40.7127837,-74.0059413,"United States, New York City"
"9","9","São Paulo"," Brazil","20,568,000","3,173","6,500","C / B",-23.5505199,-46.6333094,"Brazil, São Paulo"
"10","10","Mexico City "," Mexico","20,032,000","2,046","9,800","C / B",19.4326077,-99.133208,"Mexico, Mexico City "
"11","11","Beijing"," China","18,241,000","3,497","5,200","C / B",39.90403,116.407526,"China, Beijing"
"12","12","Guangzhou"," China","17,681,000","3,173","5,600","C / B",23.129163,113.264435,"China, Guangzhou"
"13","13","Mumbai "," India","17,307,000","546","31,700","A / B",19.0759837,72.8776559,"India, Mumbai "
"14","14","Osaka"," Japan","17,175,000","3,212","5,300","C / B",34.6937378,135.5021651,"Japan, Osaka"
"15","15","Moscow"," Russia","15,788,000","4,403","3,600","C / B",55.755826,37.6173,"Russia, Moscow"
"16","16","Cairo"," Egypt","15,071,000","1,658","9,100","E / B",30.0444196,31.2357116,"Egypt, Cairo"
"17","17","Los Angeles"," United States","15,067,000","6,299","2,400","N / N",34.0522342,-118.2436849,"United States, Los Angeles"
"18","18","Kolkata"," India","14,630,000","1,204","12,100","A / B",22.572646,88.363895,"India, Kolkata"
"19","19","Bangkok"," Thailand","14,544,000","2,331","6,200","C / B",13.7278956,100.5241235,"Thailand, Bangkok"
"20","20","Dhaka"," Bangladesh","14,399,000","324","44,500","C / B",23.810332,90.4125181,"Bangladesh, Dhaka"
"21","21","Buenos Aires"," Argentina","13,776,000","2,642","5,200","D / B",-34.6037232,-58.3815931,"Argentina, Buenos Aires"
"22","22","Tehran"," Iran","13,309,000","1,360","9,800","E / B",35.696111,51.423056,"Iran, Tehran"
"23","23","Istanbul"," Turkey","12,919,000","1,347","9,600","A / B",41.00527,28.97696,"Turkey, Istanbul"
"24","24","Shenzhen"," China","12,506,000","1,748","7,200","C / B",22.543099,114.057868,"China, Shenzhen"
"25","25","Lagos"," Nigeria","12,090,000","907","13,300","D / B",6.5243793,3.3792057,"Nigeria, Lagos"
"26","26","Rio de Janeiro"," Brazil","11,616,000","2,020","5,700","C / B",-22.9082998,-43.1970773,"Brazil, Rio de Janeiro"
"27","27","Paris "," France","10,869,000","2,845","3,800","A / A",48.856614,2.3522219,"France, Paris "
"28","28","Nagoya "," Japan","10,183,000","3,820","2,700","C / B",35.1814464,136.906398,"Japan, Nagoya "
"29","29","London"," United Kingdom","9,576,000","1,623","5,900","A / A",51.5073509,-0.1277583,"United Kingdom, London"
"30","30","Lima"," Peru","9,400,000","648","14,500","C / B",-12.046374,-77.0427934,"Peru, Lima"
"31","31","Kinshasa"," Democratic Republic of the Congo","9,387,000","583","16,100","D / B",-4.331667,15.313889,"Democratic Republic of the Congo, Kinshasa"
"32","32","Tianjin"," China","9,277,000","1,684","5,500","C / B",39.084158,117.200983,"China, Tianjin"
"33","33","Chennai"," India","9,182,000","842","10,900","A / B",13.0597049,80.2252278,"India, Chennai"
"34","34","Chicago"," United States","9,104,000","6,856","1,300","N / N",41.8781136,-87.6297982,"United States, Chicago"
"35","35","Bengaluru"," India","9,044,000","738","12,300","A / B",12.9715987,77.5945627,"India, Bengaluru"
"36","36","Bogotá"," Colombia","9,009,000","414","21,700","D / B",4.598056,-74.075833,"Colombia, Bogotá"
"37","37","Ho Chi Minh City "," Vietnam","8,764,000","1,269","6,900","C / B",10.8230989,106.6296638,"Vietnam, Ho Chi Minh City "
"38","38","Dongguan"," China","8,591,000","1,554","5,500","C / B",23.020536,113.751765,"China, Dongguan"
"39","39","Chengdu"," China","8,386,000","971","8,600","C / B",30.572269,104.066541,"China, Chengdu"
"40","40","Taipei"," Taiwan","8,357,000","1,140","7,300","C / B",25.0435466,121.4913182,"Taiwan, Taipei"
"41","41","Hyderabad"," India","8,206,000","881","9,300","A / B",17.385044,78.486671,"India, Hyderabad"
"42","42","Lahore"," Pakistan","7,994,000","583","13,700","D / B",31.5546061,74.3571581,"Pakistan, Lahore"
"43","43","Johannesburg"," South Africa","7,426,000","2,694","2,800","D / B",-26.2041028,28.0473051,"South Africa, Johannesburg"
"44","44","Wuhan"," China","7,411,000","1,088","6,800","C / B",30.593099,114.305393,"China, Wuhan"
"45","45","Essen"," Germany","7,312,000","2,642","2,800","C / B",51.4556432,7.0115552,"Germany, Essen"
"46","46","Hong Kong"," Hong Kong","7,162,000","275","26,100","E / B",22.396428,114.109497,"Hong Kong, Hong Kong"
"47","47","Ahmedabad"," India","6,732,000","298","22,600","A / B",23.022505,72.5713621,"India, Ahmedabad"
"48","48","Chongqing"," China","6,632,000","881","7,500","E / B",29.56301,106.551557,"China, Chongqing"
"49","49","Kuala Lumpur "," Malaysia","6,608,000","1,943","3,400","C / B",3.139003,101.686855,"Malaysia, Kuala Lumpur "
"50","50","Hangzhou"," China","6,559,000","1,127","5,800","C / B",30.274085,120.15507,"China, Hangzhou"
"51","51","Baghdad"," Iraq","6,366,000","596","10,700","D / B",33.325,44.422,"Iraq, Baghdad"
"52","52","Toronto"," Canada","6,184,000","2,287","2,700","N / N",43.653226,-79.3831843,"Canada, Toronto"
"53","53","Madrid"," Spain","6,183,000","1,321","4,700","C / B",40.4167754,-3.7037902,"Spain, Madrid"
"54","54","Santiago"," Chile","6,171,000","984","6,300","C / B",-33.4691199,-70.641997,"Chile, Santiago"
"55","55","Dallas"," United States","6,022,000","5,175","1,200","N / N",32.7801399,-96.8004511,"United States, Dallas"
"56","56","San Francisco"," United States","6,020,000","2,797","2,200","N / N",37.7749295,-122.4194155,"United States, San Francisco"
"57","57","Quanzhou"," China","5,913,000","1,399","4,200","C / B",24.874132,118.675676,"China, Quanzhou"
"58","58","Miami"," United States","5,504,000","3,209","1,800","A / A",25.7890972,-80.2040435,"United States, Miami"
"59","59","Nanjing"," China","5,770,000","1,140","5,100","E / B",32.060255,118.796877,"China, Nanjing"
"60","60","Shenyang"," China","5,631,000","881","6,400","C / B",41.805865,123.432253,"China, Shenyang"
"61","61","Belo Horizonte"," Brazil","5,582,000","1,088","5,100","D / B",-19.9245192,-43.9352685,"Brazil, Belo Horizonte"
"62","62","Philadelphia"," United States","5,508,000","5,131","1,100","A / A",39.952335,-75.163789,"United States, Philadelphia"
"63","63","Houston"," United States","5,485,000","4,644","1,200","N / N",29.7601927,-95.3693896,"United States, Houston"
"64","64","Luanda"," Angola","5,425,000","767","7,100","D / B",-8.838333,13.234444,"Angola, Luanda"
"65","65","Xi'an"," China","5,332,000","803","6,600","C / B",34.341568,108.940175,"China, Xi'an"
"66","66","Singapore"," Singapore","5,287,000","518","10,200","A / B",1.2800945,103.8509491,"Singapore, Singapore"
"67","67","Pune"," India","5,265,000","376","14,000","A / B",18.5204303,73.8567437,"India, Pune"
"68","68","Milan"," Italy","5,248,000","1,891","2,800","C / B",45.4654219,9.1859243,"Italy, Milan"
"69","69","Riyadh"," Saudi Arabia","5,133,000","1,502","3,400","E / B",24.633333,46.716667,"Saudi Arabia, Riyadh"
"70","70","Khartoum"," Sudan","4,919,000","932","5,300","D / B",15.566667,32.516667,"Sudan, Khartoum"
"71","71","Saint Petersburg"," Russia","4,899,000","1,191","4,100","D / B",59.9342802,30.3350986,"Russia, Saint Petersburg"
"72","72","Washington, D.C."," United States","4,825,000","3,424","1,400","A / A",38.9071923,-77.0368707,"United States, Washington, D.C."
"73","73","Surat"," India","4,791,000","161","29,800","A / B",21.1702401,72.8310607,"India, Surat"
"74","74","Bandung"," Indonesia","4,764,000","427","11,100","C / B",-6.9148644,107.6082421,"Indonesia, Bandung"
"75","75","Atlanta"," United States","4,707,000","6,851","700","A / A",33.7489954,-84.3879824,"United States, Atlanta"
"76","76","Surabaya"," Indonesia","4,703,000","673","7,000","C / B",-7.2642396,112.7455788,"Indonesia, Surabaya"
"77","77","Barcelona"," Spain","4,656,000","1,075","4,300","C / B",41.3850639,2.1734035,"Spain, Barcelona"
"78","78","Yangon "," Burma","4,620,000","350","13,200","D / B",16.780833,96.149722,"Burma, Yangon "
"79","79","Alexandria"," Egypt","4,603,000","293","15,700","E / B",31.2000924,29.9187387,"Egypt, Alexandria"
"80","79","Abidjan"," Ivory Coast","4,603,000","324","14,200","D / B",5.316667,-4.033333,"Ivory Coast, Abidjan"
"81","81","Guadalajara"," Mexico","4,567,000","699","6,500","D / B",20.6596988,-103.3496092,"Mexico, Guadalajara"
"82","82","Harbin"," China","4,543,000","518","8,800","C / B",45.803775,126.534967,"China, Harbin"
"83","83","Boston"," United States","4,514,000","5,325","800","N / N",42.3584308,-71.0597732,"United States, Boston"
"84","84","Nairobi"," Kenya","4,457,000","557","8,000","C / B",-1.2920659,36.8219462,"Kenya, Nairobi"
"85","85","Qingdao"," China","4,444,000","1,153","3,900","C / B",36.067082,120.38264,"China, Qingdao"
"86","86","Suzhou"," China","4,402,000","907","4,900","C / B",31.298886,120.585316,"China, Suzhou"
"87","87","Ankara"," Turkey","4,221,000","583","7,200","D / B",39.92077,32.85411,"Turkey, Ankara"
"88","88","Monterrey"," Mexico","4,220,000","894","4,700","D / B",25.6866142,-100.3161126,"Mexico, Monterrey"
"89","89","Zhengzhou"," China","4,184,000","648","5,600","C / B",34.7466,113.625368,"China, Zhengzhou"
"90","90","Salvador"," Brazil","4,075,000","389","10,500","D / B",-12.9722286,-38.5014201,"Brazil, Salvador"
"91","91","Phoenix"," United States","4,044,000","3,276","1,200","N / N",33.4483771,-112.0740373,"United States, Phoenix"
"92","92","Porto Alegre"," Brazil","4,002,000","777","5,200","D / B",-30.0346471,-51.2176584,"Brazil, Porto Alegre"
"93","93","Sydney"," Australia","3,956,000","2,037","1,900","A / A",-33.8674869,151.2069902,"Australia, Sydney"
"94","93","Berlin"," Germany","3,956,000","1,347","2,900","C / B",52.5200066,13.404954,"Germany, Berlin"
"95","95","Accra"," Ghana","3,933,000","945","4,200","C / B",5.55,-0.2,"Ghana, Accra"
"96","96","Kuwait City"," Kuwait","3,851,000","712","5,400","D / B",29.369722,47.978333,"Kuwait, Kuwait City"
"97","97","Rome"," Italy","3,798,000","1,114","3,400","C / B",41.8723889,12.4801802,"Italy, Rome"
"98","98","Recife"," Brazil","3,793,000","414","9,200","D / B",-8.0475458,-34.8769621,"Brazil, Recife"
"99","98","Dalian"," China","3,793,000","777","4,900","C / B",38.914003,121.614682,"China, Dalian"
"100","100","Melbourne"," Australia","3,761,000","2,543","1,500","A / A",-37.814107,144.96328,"Australia, Melbourne"
"101","101","Detroit"," United States","3,734,000","3,463","1,100","A / A",42.331427,-83.0457538,"United States, Detroit"
"102","102","Medellín"," Colombia","3,732,000","189","19,700","E / B",6.230833,-75.590556,"Colombia, Medellín"
"103","103","Naples"," Italy","3,726,000","1,023","3,600","C / B",40.8517746,14.2681244,"Italy, Naples"
"104","104","Dar es Salaam"," Tanzania","3,723,000","570","6,500","C / B",-6.8,39.283333,"Tanzania, Dar es Salaam"
"105","105","Fortaleza"," Brazil","3,636,000","725","5,000","D / B",-3.7318616,-38.5266704,"Brazil, Fortaleza"
"106","105","Kano"," Nigeria","3,636,000","251","14,500","D / B",12,8.516667,"Nigeria, Kano"
"107","107","Fuzhou"," China","3,625,000","440","8,200","E / B",26.074508,119.296494,"China, Fuzhou"
"108","108","Cape Town"," South Africa","3,560,000","816","4,400","D / B",-33.9248685,18.4240553,"South Africa, Cape Town"
"109","109","Taiyuan"," China","3,526,000","466","7,600","C / B",37.87059,112.548879,"China, Taiyuan"
"110","110","Hefei"," China","3,523,000","596","5,900","C / B",31.820587,117.227239,"China, Hefei"
"111","111","Athens"," Greece","3,510,000","583","6,000","C / B",37.983917,23.7293599,"Greece, Athens"
"112","112","Jinan"," China","3,479,000","725","4,800","C / B",36.651216,117.12,"China, Jinan"
"113","113","Kabul"," Afghanistan","3,476,000","259","13,400","D / B",34.533333,69.166667,"Afghanistan, Kabul"
"114","114","Durban "," South Africa","3,457,000","1,036","3,300","D / B",-29.8586804,31.0218404,"South Africa, Durban "
"115","115","Montreal"," Canada","3,450,000","1,546","2,200","A / A",45.5086699,-73.5539925,"Canada, Montreal"
"116","116","Wuxi"," China","3,445,000","673","5,100","C / B",31.49117,120.31191,"China, Wuxi"
"117","117","Tel Aviv"," Israel","3,421,000","479","7,100","D / B",32.0852999,34.7817676,"Israel, Tel Aviv"
"118","118","Kunming"," China","3,413,000","596","5,700","C / B",24.880095,102.832892,"China, Kunming"
"119","118","Jeddah"," Saudi Arabia","3,413,000","842","4,100","E / B",21.543333,39.172778,"Saudi Arabia, Jeddah"
"120","120","Xiamen"," China","3,388,000","583","5,800","C / B",24.479834,118.089425,"China, Xiamen"
"121","121","Busan"," South Korea","3,384,000","259","13,100","E / B",35.1795543,129.0756416,"South Korea, Busan"
"122","122","Dubai"," United Arab Emirates","3,319,000","1,230","2,700","C / B",25.0476643,55.1817407,"United Arab Emirates, Dubai"
"123","123","Ningbo"," China","3,312,000","738","4,500","C / B",29.868336,121.54399,"China, Ningbo"
"124","124","Caracas"," Venezuela","3,279,000","272","12,100","D / B",10.4696404,-66.8037185,"Venezuela, Caracas"
"125","125","Dakar"," Senegal","3,270,000","194","16,800","D / B",14.7645042,-17.3660286,"Senegal, Dakar"
"126","126","Aleppo"," Syria","3,264,000","259","12,600","D / B",36.2116828,37.1472998,"Syria, Aleppo"
"127","127","Curitiba"," Brazil","3,233,000","842","3,800","D / B",-25.4200388,-49.2650973,"Brazil, Curitiba"
"128","128","Changsha"," China","3,228,000","466","6,900","C / B",28.228209,112.938814,"China, Changsha"
"129","129","Addis Ababa"," Ethiopia","3,226,000","389","8,300","C / B",8.9806034,38.7577605,"Ethiopia, Addis Ababa"
"130","130","Changchun"," China","3,212,000","531","6,000","C / B",43.817072,125.323544,"China, Changchun"
"131","131","Jaipur"," India","3,208,000","168","19,100","A / B",26.9124336,75.7872709,"India, Jaipur"
"132","132","Faisalabad"," Pakistan","3,197,000","181","17,600","D / B",31.4187142,73.0791073,"Pakistan, Faisalabad"
"133","133","Ibadan"," Nigeria","3,180,000","389","8,200","D / B",7.396389,3.916667,"Nigeria, Ibadan"
"134","133","Seattle"," United States","3,180,000","2,616","1,200","A / A",47.6062095,-122.3320708,"United States, Seattle"
"135","135","Rawalpindi"," Pakistan","3,135,000","427","7,300","C / B",33.598394,73.0441352,"Pakistan, Rawalpindi"
"136","136","Casablanca"," Morocco","3,120,000","220","14,200","D / B",33.5731104,-7.5898434,"Morocco, Casablanca"
"137","137","Mashhad"," Iran","3,097,000","298","10,400","E / B",36.2604623,59.6167549,"Iran, Mashhad"
"138","138","Chittagong"," Bangladesh","3,073,000","111","27,600","C / B",22.366667,91.8,"Bangladesh, Chittagong"
"139","139","San Diego"," United States","3,065,000","1,896","1,600","A / A",32.715738,-117.1610838,"United States, San Diego"
"140","140","Pyongyang"," North Korea","3,048,000","176","17,300","F / B",39.0392193,125.7625241,"North Korea, Pyongyang"
"141","141","Shijiazhuang"," China","3,044,000","518","5,900","C / B",38.042307,114.51486,"China, Shijiazhuang"
"142","141","Kanpur"," India","3,044,000","192","15,900","A / B",26.449923,80.3318736,"India, Kanpur"
"143","143","Kumasi"," Ghana","3,031,000","337","9,000","C / B",6.6666004,-1.6162709,"Ghana, Kumasi"
"144","144","Lucknow"," India","3,026,000","238","12,700","A / B",26.8465108,80.9466832,"India, Lucknow"
"145","145","Algiers"," Algeria","2,994,000","453","6,600","D / B",36.752887,3.042048,"Algeria, Algiers"
"146","146","Taichung"," Taiwan","2,973,000","492","6,000","E / B",24.1547304,120.6807984,"Taiwan, Taichung"
"147","147","Changzhou"," China","2,971,000","829","3,600","C / B",31.811226,119.974062,"China, Changzhou"
"148","148","İzmir"," Turkey","2,946,000","272","10,800","D / B",38.41885,27.12872,"Turkey, İzmir"
"149","149","Ürümqi"," China","2,939,000","376","7,800","X / B",43.825592,87.616848,"China, Ürümqi"
"150","150","Hyderabad"," Pakistan","2,850,000","73","39,300","C / B",25.3817509,68.3693897,"Pakistan, Hyderabad"
"151","151","Wenzhou"," China","2,817,000","259","10,900","C / B",27.994267,120.699367,"China, Wenzhou"
"152","152","Kiev"," Ukraine","2,816,000","544","5,200","D / B",50.4501,30.5234,"Ukraine, Kiev"
"153","153","Kaohsiung"," Taiwan","2,796,000","363","7,700","E / B",22.6238898,120.3230776,"Taiwan, Kaohsiung"
"154","154","Kalyan"," India","2,763,000","93","29,600","C / B",19.2403305,73.1305395,"India, Kalyan"
"155","155","Guiyang"," China","2,749,000","298","9,200","C / B",26.647661,106.630154,"China, Guiyang"
"156","156","Damascus"," Syria","2,749,000","181","15,200","D / B",33.513,36.292,"Syria, Damascus"
"157","157","Minneapolis"," United States","2,731,000","2,647","1,000","A / A",44.983334,-93.26667,"United States, Minneapolis"
"158","158","Lisbon"," Portugal","2,697,000","958","2,800","D / B",38.7222524,-9.1393366,"Portugal, Lisbon"
"159","159","Maputo"," Mozambique","2,691,000","414","6,500","E / B",-25.966667,32.583333,"Mozambique, Maputo"
"160","160","Sapporo"," Japan","2,654,000","622","4,300","D / B",43.0620958,141.3543763,"Japan, Sapporo"
"161","161","Amman"," Jordan","2,630,000","344","7,600","E / B",31.9565783,35.9456951,"Jordan, Amman"
"162","162","Douala"," Cameroon","2,612,000","205","12,800","D / B",4.05,9.7,"Cameroon, Douala"
"163","163","Sana'a"," Yemen","2,608,000","179","14,600","D / B",15.3694451,44.1910066,"Yemen, Sana'a"
"164","164","Nagpur"," India","2,605,000","220","11,800","A / B",21.1458004,79.0881546,"India, Nagpur"
"165","165","Pretoria "," South Africa","2,602,000","1,230","2,100","C / B",-25.746111,28.188056,"South Africa, Pretoria "
"166","166","Yaoundé"," Cameroon","2,587,000","231","11,200","D / B",3.866667,11.516667,"Cameroon, Yaoundé"
"167","167","Fukuoka"," Japan","2,556,000","531","4,800","C / B",33.5903547,130.4017155,"Japan, Fukuoka"
"168","168","Campinas"," Brazil","2,541,000","932","2,700","C / B",-22.9099384,-47.0626332,"Brazil, Campinas"
"169","169","Hanoi"," Vietnam","2,533,000","285","8,900","C / B",21.033333,105.85,"Vietnam, Hanoi"
"170","170","Tampa"," United States","2,516,000","2,479","1,000","A / A",27.950575,-82.4571776,"United States, Tampa"
"171","171","Lanzhou"," China","2,514,000","220","11,400","C / B",36.061089,103.834304,"China, Lanzhou"
"172","172","Katowice"," Poland","2,507,000","725","3,500","C / B",50.2648919,19.0237815,"Poland, Katowice"
"173","173","Denver"," United States","2,505,000","1,730","1,400","A / A",39.737567,-104.9847179,"United States, Denver"
"174","174","Cali"," Colombia","2,486,000","155","16,000","D / B",3.420556,-76.522222,"Colombia, Cali"
"175","175","Nanchang"," China","2,469,000","544","4,500","C / B",28.682892,115.858198,"China, Nanchang"
"176","176","Cebu City "," Philippines","2,463,000","207","11,900","C / B",10.3156992,123.8854366,"Philippines, Cebu City "
"177","177","Tunis"," Tunisia","2,456,000","363","6,800","F / B",36.8064948,10.1815316,"Tunisia, Tunis"
"178","178","Daegu"," South Korea","2,400,000","246","9,800","E / B",35.8714354,128.601445,"South Korea, Daegu"
"179","179","Brasília"," Brazil","2,394,000","673","3,600","E / B",-15.7941454,-47.8825479,"Brazil, Brasília"
"180","180","Guayaquil"," Ecuador","2,379,000","220","10,800","D / B",-2.1709979,-79.9223592,"Ecuador, Guayaquil"
"181","181","Puebla"," Mexico","2,374,000","622","3,800","D / B",19.0412967,-98.2061996,"Mexico, Puebla"
"182","182","Shantou"," China","2,364,000","363","6,500","C / B",23.354091,116.681972,"China, Shantou"
"183","183","Abuja"," Nigeria","2,360,000","225","10,500","D / B",9.066667,7.483333,"Nigeria, Abuja"
"184","184","Maracaibo"," Venezuela","2,343,000","155","15,100","D / B",10.633333,-71.633333,"Venezuela, Maracaibo"
"185","185","Port-au-Prince"," Haiti","2,332,000","171","13,600","D / B",18.533333,-72.333333,"Haiti, Port-au-Prince"
"186","186","Tashkent"," Uzbekistan","2,316,000","531","4,400","D / B",41.266667,69.216667,"Uzbekistan, Tashkent"
"187","187","Zhangjiagang"," China","2,306,000","492","4,700","C / B",31.875428,120.555821,"China, Zhangjiagang"
"188","188","Frankfurt"," Germany","2,303,000","673","3,400","C / B",50.1109221,8.6821267,"Germany, Frankfurt"
"189","189","Isfahan"," Iran","2,299,000","350","6,600","E / B",32.6546275,51.6679826,"Iran, Isfahan"
"190","190","Birmingham"," United Kingdom","2,297,000","600","3,800","A / A",52.486243,-1.890401,"United Kingdom, Birmingham"
"191","191","Nanning"," China","2,277,000","306","7,500","E / B",22.817002,108.366543,"China, Nanning"
"192","192","Zhongshan"," China","2,275,000","648","3,500","C / B",22.516999,113.392725,"China, Zhongshan"
"193","193","Indore"," India","2,264,000","130","17,500","A / B",22.7195687,75.8577258,"India, Indore"
"194","194","Santo Domingo"," Dominican Republic","2,257,000","246","9,200","D / B",18.466667,-69.95,"Dominican Republic, Santo Domingo"
"195","195","Baltimore"," United States","2,251,000","1,857","1,200","A / A",39.2903848,-76.6121893,"United States, Baltimore"
"196","196","Medan"," Indonesia","2,250,000","246","9,100","D / B",3.5915405,98.6692998,"Indonesia, Medan"
"197","197","Coimbatore"," India","2,246,000","171","13,100","A / B",11.0168445,76.9558321,"India, Coimbatore"
"198","197","Manchester"," United Kingdom","2,246,000","558","4,000","A / A",53.4807593,-2.2426305,"United Kingdom, Manchester"
"199","199","Kochi "," India","2,211,000","220","10,000","A / B",9.9312328,76.2673041,"India, Kochi "
"200","200","Asuncion"," Paraguay","2,203,000","557","4,000","D / B",-25.282197,-57.6351,"Paraguay, Asuncion"
"201","201","Chaoyang"," China","2,200,000","272","8,100","C / B",41.573734,120.450372,"China, Chaoyang"
"202","202","Ouagadougou"," Burkina Faso","2,193,000","350","6,300","D / B",12.35,-1.516667,"Burkina Faso, Ouagadougou"
"203","203","Bamako"," Mali","2,193,000","311","7,100","D / B",12.65,-8,"Mali, Bamako"
"204","204","Panama City"," Panama","2,182,000","168","13,000","D / B",8.983333,-79.516667,"Panama, Panama City"
"205","205","Colombo"," Sri Lanka","2,177,000","223","9,800","E / B",6.9270786,79.861243,"Sri Lanka, Colombo"
"206","206","Vancouver"," Canada","2,166,000","1,150","1,900","A / A",49.261226,-123.1139268,"Canada, Vancouver"
"207","207","San Juan"," Puerto Rico","2,163,000","2,246","1,000","A / A",18.4663338,-66.1057217,"Puerto Rico, San Juan"
"208","208","St. Louis"," United States","2,157,000","2,393","900","A / A",38.6270025,-90.1994042,"United States, St. Louis"
"209","209","Patna"," India","2,139,000","127","16,900","A / B",25.611,85.144,"India, Patna"
"210","210","Goiânia"," Brazil","2,131,000","673","3,200","D / B",-16.6868912,-49.2647943,"Brazil, Goiânia"
"211","211","Linyi"," China","2,123,000","596","3,600","C / B",35.104672,118.356448,"China, Linyi"
"212","212","Kozhikode "," India","2,120,000","119","17,800","A / B",11.2587531,75.78041,"India, Kozhikode "
"213","213","Rotterdam"," Netherlands","2,119,000","842","2,500","C / B",51.9244201,4.4777325,"Netherlands, Rotterdam"
"214","214","Belém"," Brazil","2,116,000","259","8,200","D / B",-1.4557549,-48.4901799,"Brazil, Belém"
"215","215","Baku"," Azerbaijan","2,112,000","298","7,100","D / B",40.4092617,49.8670924,"Azerbaijan, Baku"
"216","215","Havana"," Cuba","2,112,000","285","7,400","D / B",23.0540698,-82.345189,"Cuba, Havana"
"217","217","Shaoxing"," China","2,094,000","461","4,500","E / B",29.995762,120.586109,"China, Shaoxing"
"218","218","Antananarivo"," Madagascar","2,075,000","220","9,400","C / B",-18.933333,47.516667,"Madagascar, Antananarivo"
"219","219","Cologne"," Germany","2,069,000","932","2,200","C / B",50.937531,6.9602786,"Germany, Cologne"
"220","220","Baotou"," China","2,065,000","376","5,500","C / B",40.657449,109.840347,"China, Baotou"
"221","221","Tangshan"," China","2,059,000","277","7,400","E / B",39.630867,118.180194,"China, Tangshan"
"222","222","Beirut"," Lebanon","2,035,000","673","3,000","D / B",33.8886289,35.4954794,"Lebanon, Beirut"
"223","223","Kitakyūshū"," Japan","2,005,000","492","4,100","C / B",33.8834093,130.8752161,"Japan, Kitakyūshū"
"224","224","Port Harcourt"," Nigeria","2,002,000","158","12,700","C / B",4.815554,7.0498442,"Nigeria, Port Harcourt"
"225","225","Hohhot"," China","1,988,000","401","5,000","C / B",40.842585,111.749181,"China, Hohhot"
"226","226","Bhopal"," India","1,967,000","148","13,300","A / B",23.2599333,77.412615,"India, Bhopal"
"227","227","Las Vegas"," United States","1,955,000","1,080","1,800","A / A",36.1699412,-115.1398296,"United States, Las Vegas"
"228","228","Brussels"," Belgium","1,944,000","751","2,600","C / B",50.8503396,4.3517103,"Belgium, Brussels"
"229","229","Barranquilla"," Colombia","1,941,000","142","13,600","D / B",10.9642103,-74.7970435,"Colombia, Barranquilla"
"230","230","Bucharest"," Romania","1,931,000","285","6,800","D / B",44.4325,26.103889,"Romania, Bucharest"
"231","230","Orlando"," United States","1,931,000","1,958","1,000","N / N",28.5383355,-81.3792365,"United States, Orlando"
"232","232","Manaus"," Brazil","1,923,000","298","6,500","D / B",-3.1190275,-60.0217314,"Brazil, Manaus"
"233","232","Portland"," United States","1,923,000","1,357","1,400","A / A",45.5234515,-122.6762071,"United States, Portland"
"234","234","Brisbane"," Australia","1,912,000","1,972","1,000","A / A",-27.4710107,153.0234489,"Australia, Brisbane"
"235","235","Vadodara"," India","1,897,000","137","13,800","A / B",22.3071588,73.1812187,"India, Vadodara"
"236","236","Valencia"," Venezuela","1,896,000","218","8,700","D / B",10.1579312,-67.9972104,"Venezuela, Valencia"
"237","237","Rabat"," Morocco","1,881,000","142","13,200","D / B",33.9715904,-6.8498129,"Morocco, Rabat"
"238","238","Multan"," Pakistan","1,871,000","142","13,100","D / B",30.1983807,71.4687028,"Pakistan, Multan"
"239","239","Lomé"," Togo","1,862,000","207","9,000","F / B",6.131944,1.222778,"Togo, Lomé"
"240","240","Gujranwala"," Pakistan","1,861,000","148","12,600","D / B",32.1543783,74.1842254,"Pakistan, Gujranwala"
"241","241","Minsk"," Belarus","1,860,000","324","5,700","D / B",53.9,27.566667,"Belarus, Minsk"
"242","241","San Antonio"," United States","1,860,000","1,546","1,200","A / A",29.4241219,-98.4936282,"United States, San Antonio"
"243","243","Huai'an"," China","1,856,000","148","12,600","E / B",33.61036,119.015288,"China, Huai'an"
"244","244","Thrissur"," India","1,854,000","363","5,100","A / B",10.5276416,76.2144349,"India, Thrissur"
"245","245","Lusaka"," Zambia","1,849,000","179","10,300","D / B",-15.416667,28.283333,"Zambia, Lusaka"
"246","246","Semarang"," Indonesia","1,846,000","259","7,100","D / B",-6.966667,110.416667,"Indonesia, Semarang"
"247","247","Conakry"," Guinea","1,838,000","161","11,400","D / B",9.509167,-13.712222,"Guinea, Conakry"
"248","248","Tijuana"," Mexico","1,827,000","466","3,900","D / B",32.5149469,-117.0382471,"Mexico, Tijuana"
"249","249","Agra"," India","1,824,000","130","14,100","A / B",27.1766701,78.0080745,"India, Agra"
"250","250","Kampala"," Uganda","1,820,000","492","3,700","D / B",0.313611,32.581111,"Uganda, Kampala"
"251","251","Visakhapatnam"," India","1,806,000","181","10,000","A / B",17.6868159,83.2184815,"India, Visakhapatnam"
"252","252","Hamburg"," Germany","1,796,000","712","2,500","C / B",53.5510846,9.9936818,"Germany, Hamburg"
"253","253","Sacramento"," United States","1,776,000","1,220","1,500","A / A",38.5815719,-121.4943996,"United States, Sacramento"
"254","254","La Paz"," Bolivia","1,770,000","155","11,400","D / B",-16.5,-68.15,"Bolivia, La Paz"
"255","255","Cleveland"," United States","1,765,000","1,999","900","A / A",41.49932,-81.6943605,"United States, Cleveland"
"256","256","Thiruvananthapuram"," India","1,762,000","142","12,400","A / B",8.5241391,76.9366376,"India, Thiruvananthapuram"
"257","257","Luoyang"," China","1,761,000","220","8,000","E / B",34.619683,112.45404,"China, Luoyang"
"258","258","Santa Cruz de la Sierra"," Bolivia","1,749,000","220","7,900","D / B",-17.866667,-63,"Bolivia, Santa Cruz de la Sierra"
"259","259","Toluca"," Mexico","1,747,000","220","7,900","D / B",19.2826098,-99.6556653,"Mexico, Toluca"
"260","260","Pittsburgh"," United States","1,734,000","2,344","700","A / A",40.4406248,-79.9958864,"United States, Pittsburgh"
"261","261","Vienna"," Austria","1,732,000","453","3,800","E / B",48.2081743,16.3738189,"Austria, Vienna"
"262","262","Bursa"," Turkey","1,729,000","127","13,600","D / B",40.182846,29.067084,"Turkey, Bursa"
"263","263","Handan"," China","1,728,000","168","10,300","E / B",36.625657,114.538962,"China, Handan"
"264","264","Budapest"," Hungary","1,726,000","894","1,900","D / B",47.497912,19.040235,"Hungary, Budapest"
"265","265","Santos"," Brazil","1,716,000","207","8,300","D / B",-23.9540376,-46.3354875,"Brazil, Santos"
"266","266","Warsaw"," Poland","1,715,000","544","3,200","D / B",52.2296756,21.0122287,"Poland, Warsaw"
"267","267","Shiraz"," Iran","1,702,000","246","6,900","E / B",29.5917677,52.5836982,"Iran, Shiraz"
"268","268","Malappuram"," India","1,698,000","324","5,200","A / B",11.0471526,76.0491001,"India, Malappuram"
"269","269","Lubumbashi"," Democratic Republic of the Congo","1,696,000","155","10,900","D / B",-11.664722,27.479444,"Democratic Republic of the Congo, Lubumbashi"
"270","270","Yinchuan"," China","1,694,000","158","10,700","E / B",38.487194,106.230909,"China, Yinchuan"
"271","271","Phnom Penh"," Cambodia","1,693,000","166","10,200","D / B",11.5448729,104.8921668,"Cambodia, Phnom Penh"
"272","272","Brazzaville"," Republic of the Congo","1,685,000","181","9,300","D / B",-4.267778,15.291944,"Republic of the Congo, Brazzaville"
"273","272","Ludhiana"," India","1,685,000","168","10,000","A / B",30.900965,75.8572758,"India, Ludhiana"
"274","274","Quito"," Ecuador","1,684,000","479","3,500","D / B",-0.1806532,-78.4678382,"Ecuador, Quito"
"275","275","Vitoria"," Brazil","1,666,000","363","4,600","D / B",-20.2976178,-40.2957768,"Brazil, Vitoria"
"276","276","Leon"," Mexico","1,665,000","158","10,500","D / B",21.1250077,-101.6859605,"Mexico, Leon"
"277","277","Montevideo"," Uruguay","1,661,000","259","6,400","D / B",-34.9011127,-56.1645314,"Uruguay, Montevideo"
"278","278","Perth"," Australia","1,657,000","1,566","1,100","A / A",-31.9530044,115.8574693,"Australia, Perth"
"279","279","Tabriz"," Iran","1,647,000","168","9,800","E / B",38.066667,46.3,"Iran, Tabriz"
"280","280","San Salvador"," El Salvador","1,646,000","155","10,600","D / B",13.6929403,-89.2181911,"El Salvador, San Salvador"
"281","281","Kannur"," India","1,643,000","91","18,100","A / B",11.8744775,75.3703662,"India, Kannur"
"282","282","Jilin"," China","1,641,000","194","8,400","C / B",43.837883,126.549572,"China, Jilin"
"283","283","Johor Bahru"," Malaysia","1,640,000","712","2,300","E / B",1.492659,103.7413591,"Malaysia, Johor Bahru"
"284","284","Mogadishu"," Somalia","1,637,000","96","17,100","D / B",2.033333,45.35,"Somalia, Mogadishu"
"285","285","Nashik"," India","1,635,000","111","14,700","A / B",19.9974533,73.7898023,"India, Nashik"
"286","286","Cincinnati"," United States","1,625,000","2,041","800","A / A",39.1031182,-84.5120196,"United States, Cincinnati"
"287","287","Harare"," Zimbabwe","1,619,000","596","2,700","E / B",-17.863889,31.029722,"Zimbabwe, Harare"
"288","288","Datong"," China","1,611,000","181","8,900","E / B",40.076763,113.300129,"China, Datong"
"289","289","Kaduna"," Nigeria","1,610,000","153","10,500","D / B",10.516667,7.433333,"Nigeria, Kaduna"
"290","290","Peshawar"," Pakistan","1,606,000","117","13,800","D / B",34.0149748,71.5804899,"Pakistan, Peshawar"
"291","291","Haikou"," China","1,600,000","311","5,100","C / B",20.044002,110.198293,"China, Haikou"
"292","291","Makassar"," Indonesia","1,600,000","179","9,000","C / B",-5.1308551,119.4165284,"Indonesia, Makassar"
"293","293","Zibo"," China","1,598,000","350","4,600","C / B",36.813487,118.054927,"China, Zibo"
"294","294","Kunshan"," China","1,596,000","492","3,200","C / B",31.384913,120.98115,"China, Kunshan"
"295","295","Yangzhou"," China","1,593,000","233","6,800","C / B",32.39421,119.412966,"China, Yangzhou"
"296","296","Marseille"," France","1,587,000","1,204","1,300","A / B",43.296482,5.36978,"France, Marseille"
"297","297","Anshan"," China","1,571,000","181","8,700","C / B",41.108647,122.994329,"China, Anshan"
"298","298","Mosul"," Iraq","1,567,000","140","11,200","D / B",36.34,43.13,"Iraq, Mosul"
"299","298","Mecca"," Saudi Arabia","1,567,000","389","4,000","E / B",21.416667,39.816667,"Saudi Arabia, Mecca"
"300","300","Cordoba"," Argentina","1,564,000","363","4,300","D / B",-31.3989296,-64.1821289,"Argentina, Cordoba"
"301","301","Valencia"," Spain","1,561,000","272","5,700","C / B",39.4699075,-0.3762881,"Spain, Valencia"
"302","301","Vijayawada"," India","1,558,000","57","27,300","A / B",16.5061743,80.6480153,"India, Vijayawada"
"303","302","Lyon"," France","1,547,000","1,178","1,300","A / A",45.764043,4.835659,"France, Lyon"
"304","302","Kansas City"," United States","1,547,000","1,756","900","A / A",39.0997265,-94.5785667,"United States, Kansas City"
"305","304","San José"," Costa Rica","1,543,000","324","4,800","D / B",9.9280694,-84.0907246,"Costa Rica, San José"
"306","304","Leeds-Bradford"," United Kingdom","1,543,000","370","4,200","A / A",53.7887315,-1.7875219,"United Kingdom, Leeds-Bradford"
"307","306","Palembang"," Indonesia","1,542,000","220","7,000","D / B",-2.990934,104.7565565,"Indonesia, Palembang"
"308","307","Indianapolis"," United States","1,532,000","1,829","800","A / A",39.768403,-86.158068,"United States, Indianapolis"
"309","308","Madurai"," India","1,525,000","75","20,300","A / B",9.9252007,78.1197754,"India, Madurai"
"310","309","Daejeon"," South Korea","1,513,000","132","11,500","E / B",36.3504119,127.3845475,"South Korea, Daejeon"
"311","310","Turin"," Italy","1,499,000","376","4,000","C / B",45.070312,7.6868565,"Italy, Turin"
"312","311","Varanasi"," India","1,498,000","101","14,800","A / B",25.3176452,82.9739144,"India, Varanasi"
"313","312","Davao City"," Philippines","1,493,000","2,443","610","D / B",7.190708,125.455341,"Philippines, Davao City"
"314","313","Meerut"," India","1,489,000","104","14,400","A / B",28.9844618,77.7064137,"India, Meerut"
"315","314","Austin"," United States","1,488,000","1,355","1,100","A / A",30.267153,-97.7430608,"United States, Austin"
"316","315","Gwangju"," South Korea","1,481,000","127","11,700","E / B",35.1595454,126.8526012,"South Korea, Gwangju"
"317","316","Adana"," Turkey","1,477,000","124","11,900","D / B",37,35.321333,"Turkey, Adana"
"318","317","Novosibirsk"," Russia","1,470,000","622","2,400","E / B",55.0083526,82.9357327,"Russia, Novosibirsk"
"319","318","Virginia Beach-Norfolk"," United States","1,466,000","1,334","1,100","A / A",36.8556291,-76.2331972,"United States, Virginia Beach-Norfolk"
"320","319","Liuzhou"," China","1,458,000","207","7,000","E / B",24.325502,109.415953,"China, Liuzhou"
"321","320","Rajkot"," India","1,455,000","75","19,400","A / B",22.3038945,70.8021599,"India, Rajkot"
"322","321","Kharkiv"," Ukraine","1,449,000","466","3,100","D / B",49.9935,36.230383,"Ukraine, Kharkiv"
"323","322","Benin City"," Nigeria","1,439,000","228","6,300","D / B",6.3176,5.6145,"Nigeria, Benin City"
"324","323","Stockholm"," Sweden","1,435,000","382","3,800","A / A",59.3293235,18.0685808,"Sweden, Stockholm"
"325","324","Mbuji-Mayi"," Democratic Republic of the Congo","1,430,000","122","11,700","D / B",-6.15,23.6,"Democratic Republic of the Congo, Mbuji-Mayi"
"326","325","Weifang"," China","1,422,000","246","5,800","C / B",36.706774,119.161756,"China, Weifang"
"327","326","Almaty"," Kazakhstan","1,415,000","420","3,400","E / B",43.2775,76.895833,"Kazakhstan, Almaty"
"328","327","Fushun"," China","1,412,000","130","10,900","C / B",41.880872,123.957208,"China, Fushun"
"329","328","Columbus"," United States","1,409,000","1,321","1,100","A / A",39.9611755,-82.9987942,"United States, Columbus"
"330","329","Porto"," Portugal","1,398,000","389","3,600","C / B",41.1579438,-8.6291053,"Portugal, Porto"
"331","330","Jamshedpur"," India","1,397,000","109","12,800","A / B",22.8045665,86.2028754,"India, Jamshedpur"
"332","331","Milwaukee"," United States","1,388,000","1,414","1,000","A / A",43.0389025,-87.9064736,"United States, Milwaukee"
"333","332","Huizhou"," China","1,387,000","168","8,200","E / B",23.111847,114.416196,"China, Huizhou"
"334","333","Yantai"," China","1,377,000","262","5,300","C / B",37.463822,121.447935,"China, Yantai"
"335","334","Ciudad Juárez"," Mexico","1,369,000","324","4,200","D / B",31.6903638,-106.4245478,"Mexico, Ciudad Juárez"
"336","335","Munich"," Germany","1,357,000","466","2,900","C / B",48.1351253,11.5819806,"Germany, Munich"
"337","336","Natal"," Brazil","1,342,000","181","7,400","D / B",-5.7792569,-35.200916,"Brazil, Natal"
"338","337","Yekaterinburg"," Russia","1,340,000","518","2,600","E / B",56.8389261,60.6057025,"Russia, Yekaterinburg"
"339","338","Sendai"," Japan","1,334,000","324","4,100","C / B",38.268215,140.8693558,"Japan, Sendai"
"340","339","Srinagar"," India","1,331,000","127","10,500","A / B",34.0836581,74.7973681,"India, Srinagar"
"341","340","Jabalpur"," India","1,325,000","91","14,600","A / B",23.166667,79.933333,"India, Jabalpur"
"342","340","Hiroshima"," Japan","1,325,000","285","4,700","C / B",34.3852029,132.4552927,"Japan, Hiroshima"
"343","342","São Luís, Maranhão"," Brazil","1,323,000","427","3,100","D / B",-2.5391099,-44.2829046,"Brazil, São Luís, Maranhão"
"344","343","Baoding"," China","1,322,000","220","6,000","E / B",38.873891,115.464806,"China, Baoding"
"345","344","Auckland"," New Zealand","1,310,000","544","2,400","E / B",-36.8484597,174.7633315,"New Zealand, Auckland"
"346","344","Charlotte"," United States","1,310,000","1,919","700","A / A",35.2270869,-80.8431267,"United States, Charlotte"
"347","346","Yerevan"," Armenia","1,300,000","324","4,000","F / B",40.183333,44.516667,"Armenia, Yerevan"
"348","346","Asansol"," India","1,300,000","65","20,100","A / B",23.68,86.99,"India, Asansol"
"349","348","Rosario"," Argentina","1,290,000","233","5,500","D / B",-32.9507408,-60.6665001,"Argentina, Rosario"
"350","349","Zhuhai"," China","1,274,000","246","5,200","E / B",22.270715,113.576726,"China, Zhuhai"
"351","349","Stuttgart"," Germany","1,274,000","414","3,100","C / B",48.7754181,9.1817588,"Germany, Stuttgart"
"352","351","Allahabad"," India","1,271,000","124","10,200","A / B",25.4358011,81.846311,"India, Allahabad"
"353","352","Barquisimeto"," Venezuela","1,265,000","96","13,200","D / B",10.063611,-69.334722,"Venezuela, Barquisimeto"
"354","353","Prague"," Czech Republic","1,264,000","285","4,400","D / B",50.0755381,14.4378005,"Czech Republic, Prague"
"355","354","Torreon"," Mexico","1,260,000","168","7,500","D / B",25.5428443,-103.4067861,"Mexico, Torreon"
"356","355","Tainan"," Taiwan","1,259,000","207","6,100","E / B",22.9998999,120.2268758,"Taiwan, Tainan"
"357","356","Yogyakarta"," Indonesia","1,250,000","233","5,400","C / B",-7.7970684,110.3705267,"Indonesia, Yogyakarta"
"358","357","Dhanbad"," India","1,249,000","96","13,000","A / B",23.7956531,86.4303859,"India, Dhanbad"
"359","358","Nizhny Novgorod"," Russia","1,247,000","622","2,000","E / B",56.2965039,43.9360589,"Russia, Nizhny Novgorod"
"360","359","Xuzhou"," China","1,246,000","233","5,300","E / B",34.205768,117.284124,"China, Xuzhou"
"361","360","Aurangabad"," India","1,244,000","73","17,200","A / B",19.8761653,75.3433139,"India, Aurangabad"
"362","361","Ahvaz"," Iran","1,241,000","233","5,300","E / B",31.3183272,48.6706187,"Iran, Ahvaz"
"363","362","Amritsar"," India","1,239,000","98","12,600","A / B",31.6339793,74.8722642,"India, Amritsar"
"364","363","Belgrade"," Serbia","1,233,796","233","4,700","C / B",44.816667,20.466667,"Serbia, Belgrade"
"365","364","Guatemala City"," Guatemala","1,228,000","298","4,100","C / B",14.613333,-90.535278,"Guatemala, Guatemala City"
"366","365","Maceio"," Brazil","1,225,000","104","11,800","D / B",-9.6498487,-35.7089492,"Brazil, Maceio"
"367","366","Copenhagen"," Denmark","1,218,000","453","2,700","A / A",55.6760968,12.5683371,"Denmark, Copenhagen"
"368","367","Wuhu"," China","1,217,000","161","7,600","E / B",31.352859,118.432941,"China, Wuhu"
"369","368","Qiqihar"," China","1,216,000","130","9,400","E / B",47.354348,123.918186,"China, Qiqihar"
"370","369","Gaziantep"," Turkey","1,209,000","88","13,700","D / B",37.06622,37.38332,"Turkey, Gaziantep"
"371","370","Glasgow"," United Kingdom","1,203,000","368","3,300","A / A",55.864237,-4.251806,"United Kingdom, Glasgow"
"372","371","Cixi City"," China","1,200,000","298","4,000","C / B",30.17078,121.266595,"China, Cixi City"
"373","372","Xining"," China","1,200,000","106","11,300","E / B",36.617144,101.778228,"China, Xining"
"374","373","Zhangzhou"," China","1,200,000","350","3,400","E / B",24.512949,117.647481,"China, Zhangzhou"
"375","374","Niamey"," Niger","1,199,000","130","9,300","E / B",13.521389,2.105278,"Niger, Niamey"
"376","375","João Pessoa"," Brazil","1,196,000","194","6,200","D / B",-7.1194958,-34.8450118,"Brazil, João Pessoa"
"377","376","Anyang"," China","1,195,000","181","6,600","E / B",36.097577,114.392393,"China, Anyang"
"378","377","Jodhpur"," India","1,190,000","83","14,400","A / B",26.2389469,73.0243094,"India, Jodhpur"
"379","378","Providence"," United States","1,187,000","1,412","800","A / A",41.8239891,-71.4128343,"United States, Providence"
"380","379","Sofia"," Bulgaria","1,182,000","207","5,700","D / B",42.6977082,23.3218675,"Bulgaria, Sofia"
"381","380","Khulna"," Bangladesh","1,179,000","70","16,900","C / B",22.816667,89.55,"Bangladesh, Khulna"
"382","381","Ranchi"," India","1,179,000","57","20,700","A / B",23.3440997,85.309562,"India, Ranchi"
"383","382","Raipur"," India","1,176,000","111","10,600","A / B",21.2513844,81.6296413,"India, Raipur"
"384","383","Huambo"," Angola","1,175,000","57","20,600","D / B",-12.766667,15.733333,"Angola, Huambo"
"385","384","Medina"," Saudi Arabia","1,172,000","350","3,400","E / B",24.466667,39.6,"Saudi Arabia, Medina"
"386","385","Durg-Bhilai"," India","1,164,000","114","10,200","A / B",21.2088774,81.3780632,"India, Durg-Bhilai"
"387","386","Samara"," Russia","1,162,000","376","3,100","D / B",53.202778,50.140833,"Russia, Samara"
"388","387","Tripoli"," Libya","1,160,000","194","6,000","D / B",32.8133112,13.1048449,"Libya, Tripoli"
"389","388","Helsinki"," Finland","1,159,000","492","2,400","E / B",60.1733244,24.9410248,"Finland, Helsinki"
"390","389","Gwalior"," India","1,152,000","57","20,200","A / B",26.2182871,78.1828308,"India, Gwalior"
"391","390","Putian"," China","1,150,000","453","2,500","E / B",25.454085,119.007777,"China, Putian"
"392","391","Penang"," Malaysia","1,150,000","298","3,900","E / B",5.4141675,100.3287589,"Malaysia, Penang"
"393","392","Omsk"," Russia","1,148,000","492","2,300","E / B",54.983333,73.366667,"Russia, Omsk"
"394","393","Vasai-Virar"," India","1,147,000","91","12,700","A / B",19.3896402,72.8160976,"India, Vasai-Virar"
"395","394","Querétaro"," Mexico","1,144,000","150","7,600","D / B",20.5887932,-100.3898881,"Mexico, Querétaro"
"396","395","Dublin"," Ireland","1,143,000","453","2,500","D / B",53.3498053,-6.2603097,"Ireland, Dublin"
"397","396","Zhangjiakou"," China","1,142,000","130","8,800","E / B",40.824418,114.887543,"China, Zhangjiakou"
"398","397","Kazan"," Russia","1,141,000","492","2,300","D / B",55.790278,49.134722,"Russia, Kazan"
"399","398","Changshu"," China","1,139,000","285","4,000","C / B",31.653584,120.752507,"China, Changshu"
"400","399","Bucaramanga"," Colombia","1,134,000","60","19,000","D / B",7.11331,-73.120468,"Colombia, Bucaramanga"
"401","400","Maracay"," Venezuela","1,133,000","158","7,200","D / B",10.246944,-67.596111,"Venezuela, Maracay"
"402","401","Tegucigalpa"," Honduras","1,130,000","98","11,500","D / B",14.0833,-87.2167,"Honduras, Tegucigalpa"
"403","402","Chelyabinsk"," Russia","1,130,000","583","1,900","D / B",55.1644419,61.4368431,"Russia, Chelyabinsk"
"404","403","Tbilisi"," Georgia","1,122,000","194","5,800","D / B",41.716667,44.783333,"Georgia, Tbilisi"
"405","404","Hanover "," Germany","1,119,526","2,290","490","A / A",52.3758916,9.7320104,"Germany, Hanover "
"406","405","Calgary"," Canada","1,119,000","704","1,600","A / A",51.0453246,-114.0581012,"Canada, Calgary"
"407","406","Fes"," Morocco","1,117,000","52","21,600","D / B",34.033333,-5,"Morocco, Fes"
"408","407","Huainan"," China","1,112,000","109","10,200","E / B",32.625478,116.999933,"China, Huainan"
"409","408","Kollam"," India","1,110,000","181","6,100","A / B",8.8932118,76.6141396,"India, Kollam"
"410","409","Mandalay"," Burma","1,108,000","85","13,000","D / B",21.975,96.083333,"Burma, Mandalay"
"411","410","Kathmandu","   Nepal","1,106,000","60","18,600","D / B",27.7,85.333333,"  Nepal, Kathmandu"
"412","411","Naypyidaw"," Burma","1,105,000","233","4,700","D / H",19.75,96.1,"Burma, Naypyidaw"
"413","412","Jacksonville"," United States","1,101,000","1,373","800","A / A",30.3321838,-81.655651,"United States, Jacksonville"
"414","413","Seville"," Spain","1,100,000","272","4,000","C / B",37.3890924,-5.9844589,"Spain, Seville"
"415","414","Xiangyang"," China","1,100,000","135","8,200","C / B",32.008986,112.122415,"China, Xiangyang"
"416","415","Joinville"," Brazil","1,092,000","150","7,300","D / B",-26.3044084,-48.8463832,"Brazil, Joinville"
"417","416","Ulan Bator"," Mongolia","1,091,000","233","4,700","E / B",47.92,106.92,"Mongolia, Ulan Bator"
"418","417","Rostov-on-Don"," Russia","1,089,000","414","2,600","D / B",47.233333,39.7,"Russia, Rostov-on-Don"
"419","418","Ulsan"," South Korea","1,087,000","104","10,500","D / B",35.5383773,129.3113596,"South Korea, Ulsan"
"420","419","Chifeng"," China","1,085,000","85","12,700","E / B",42.257817,118.886856,"China, Chifeng"
"421","420","Jiamusi"," China","1,080,000","80","13,500","E / B",46.799923,130.318917,"China, Jiamusi"
"422","421","Memphis"," United States","1,079,000","1,287","800","A / A",35.1495343,-90.0489801,"United States, Memphis"
"423","422","Erbil"," Iraq","1,078,000","75","14,400","D / B",36.191111,44.009167,"Iraq, Erbil"
"424","423","Chandigarh"," India","1,074,000","202","5,300","A / B",30.7333148,76.7794179,"India, Chandigarh"
"425","424","Haifa"," Israel","1,072,000","228","4,700","D / B",32.7940463,34.989571,"Israel, Haifa"
"426","425","Konya"," Turkey","1,069,000","130","8,300","D / B",37.866667,32.483333,"Turkey, Konya"
"427","426","Tiruchirappalli"," India","1,068,000","85","12,500","A / B",10.7904833,78.7046725,"India, Tiruchirappalli"
"428","427","Salt Lake City"," United States","1,068,000","720","1,500","A / A",40.7607793,-111.8910474,"United States, Salt Lake City"
"429","428","Florianopolis"," Brazil","1,061,000","130","8,200","D / B",-27.5949884,-48.5481743,"Brazil, Florianopolis"
"430","429","Dongying"," China","1,060,000","220","4,800","E / B",37.434751,118.674767,"China, Dongying"
"431","430","Mombasa"," Kenya","1,055,000","85","12,300","D / B",-4.0434771,39.6682065,"Kenya, Mombasa"
"432","431","Mérida"," Mexico","1,055,000","207","5,100","D / B",20.9660441,-89.627433,"Mexico, Mérida"
"433","432","Kigali"," Rwanda","1,055,000","114","9,300","E / B",-1.943889,30.059444,"Rwanda, Kigali"
"434","433","Lille"," France","1,050,000","474","2,200","C / A-B",50.62925,3.057256,"France, Lille"
"435","434","Amsterdam"," Netherlands","1,050,000","414","2,500","C / B",52.3702157,4.8951679,"Netherlands, Amsterdam"
"436","435","Xinxiang"," China","1,048,000","104","10,100","E / B",35.302928,113.926975,"China, Xinxiang"
"437","436","Kota"," India","1,047,000","62","16,800","A / B",25.2138156,75.8647527,"India, Kota"
"438","437","Jiaxing"," China","1,044,000","259","4,000","C / B",30.753924,120.758543,"China, Jiaxing"
"439","438","Zaria"," Nigeria","1,044,000","88","11,900","F / B",11.066667,7.7,"Nigeria, Zaria"
"440","439","N'Djamena"," Chad","1,040,000","83","12,500","D / B",12.113056,15.049167,"Chad, N'Djamena"
"441","440","San Luis Potosí"," Mexico","1,040,000","132","7,900","D / B",22.1564699,-100.9855409,"Mexico, San Luis Potosí"
"442","441","Huaibei"," China","1,036,000","91","11,400","C / B",33.955845,116.798265,"China, Huaibei"
"443","442","Nantong"," China","1,036,000","233","4,400","C / B",31.980172,120.894291,"China, Nantong"
"444","443","Qom"," Iran","1,034,000","117","8,900","E / B",34.6399443,50.8759419,"Iran, Qom"
"445","444","Mysore"," India","1,033,000","91","11,400","A / B",12.2958104,76.6393805,"India, Mysore"
"446","445","Bareilly"," India","1,025,000","83","12,400","A / B",28.3670355,79.4304381,"India, Bareilly"
"447","446","Nuremberg"," Germany","1,020,000","337","3,000","C / B",49.45203,11.07675,"Germany, Nuremberg"
"448","447","Ufa"," Russia","1,015,000","168","6,000","E / B",54.7387621,55.9720554,"Russia, Ufa"
"449","448","Guwahati"," India","1,014,000","70","14,500","A / B",26.1445169,91.7362365,"India, Guwahati"
"450","449","Nashville"," United States","1,014,000","1,458","700","A / A",36.166667,-86.783333,"United States, Nashville"
"451","450","Odessa"," Ukraine","1,010,000","207","4,900","D / B",46.482526,30.7233095,"Ukraine, Odessa"
"452","451","Cartagena"," Colombia","1,001,000","83","12,100","D / B",10.41373,-75.5335769,"Colombia, Cartagena"
"453","452","Hamamatsu"," Japan","1,000,000","259","3,900","C / B",34.7108344,137.7261258,"Japan, Hamamatsu"
"454","453","Monrovia"," Liberia","1,000,000","194","5,100","E / B",6.313333,-10.801389,"Liberia, Monrovia"
"455","454","Port Elizabeth"," South Africa","1,000,000","389","2,600","C / B",-33.958056,25.6,"South Africa, Port Elizabeth"
"456","455","Changwon"," South Korea","1,000,000","104","9,700","E / B",37.8228,128.1555,"South Korea, Changwon"
"457","456","Dnipropetrovsk"," Ukraine","1,000,000","324","3,100","D / B",48.464717,35.046183,"Ukraine, Dnipropetrovsk"
